date,transaction_id,product_id,product_name,category,quantity,unit_price,cost_price,discount
2026-01-01,T00001,P001,Coca Cola 500ml,Beverage,11,60,45,0
2026-01-01,T00001,P002,Wai Wai Noodles,Grocery,18,35,25,0
2026-01-01,T00001,P003,Milk 1L,Dairy,5,85,70,0
2026-01-01,T00001,P004,Basmati Rice 5kg,Grocery,8,420,360,0
2026-01-01,T00001,P005,Potato Chips 100g,Snacks,5,50,35,0
2026-01-01,T00001,P006,Bread,Bakery,9,55,40,0
2026-01-01,T00001,P007,Pepsi 500ml,Beverage,7,60,45,0
2026-01-02,T00002,P001,Coca Cola 500ml,Beverage,19,60,45,0
2026-01-02,T00002,P002,Wai Wai Noodles,Grocery,22,35,25,0
2026-01-02,T00002,P003,Milk 1L,Dairy,18,85,70,0
2026-01-02,T00002,P004,Basmati Rice 5kg,Grocery,5,420,360,0
2026-01-02,T00002,P005,Potato Chips 100g,Snacks,6,50,35,0
2026-01-02,T00002,P006,Bread,Bakery,12,55,40,0
2026-01-02,T00002,P007,Pepsi 500ml,Beverage,11,60,45,0
2026-01-03,T00003,P001,Coca Cola 500ml,Beverage,22,60,45,0
2026-01-03,T00003,P002,Wai Wai Noodles,Grocery,19,35,25,0
2026-01-03,T00003,P003,Milk 1L,Dairy,11,85,70,0
2026-01-03,T00003,P004,Basmati Rice 5kg,Grocery,4,420,360,0
2026-01-03,T00003,P005,Potato Chips 100g,Snacks,11,50,35,0
2026-01-03,T00003,P006,Bread,Bakery,14,55,40,0
2026-01-03,T00003,P007,Pepsi 500ml,Beverage,8,60,45,0
2026-01-04,T00004,P001,Coca Cola 500ml,Beverage,10,60,45,5
2026-01-04,T00004,P002,Wai Wai Noodles,Grocery,25,35,25,0
2026-01-04,T00004,P003,Milk 1L,Dairy,9,85,70,0
2026-01-04,T00004,P004,Basmati Rice 5kg,Grocery,8,420,360,0
2026-01-04,T00004,P005,Potato Chips 100g,Snacks,12,50,35,0
2026-01-04,T00004,P006,Bread,Bakery,16,55,40,0
2026-01-04,T00004,P007,Pepsi 500ml,Beverage,14,60,45,0
2026-01-05,T00005,P001,Coca Cola 500ml,Beverage,15,60,45,0
2026-01-05,T00005,P002,Wai Wai Noodles,Grocery,19,35,25,0
2026-01-05,T00005,P003,Milk 1L,Dairy,10,85,70,0
2026-01-05,T00005,P005,Potato Chips 100g,Snacks,1,50,35,0
2026-01-05,T00005,P006,Bread,Bakery,12,55,40,0
2026-01-05,T00005,P007,Pepsi 500ml,Beverage,8,60,45,0
2026-01-06,T00006,P001,Coca Cola 500ml,Beverage,15,60,45,0
2026-01-06,T00006,P002,Wai Wai Noodles,Grocery,36,35,25,0
2026-01-06,T00006,P003,Milk 1L,Dairy,6,85,70,0
2026-01-06,T00005,P004,Basmati Rice 5kg,Grocery,2,420,360,0
2026-01-06,T00006,P005,Potato Chips 100g,Snacks,12,50,35,0
2026-01-06,T00006,P006,Bread,Bakery,10,55,40,0
2026-01-06,T00006,P007,Pepsi 500ml,Beverage,17,60,45,0
2026-01-07,T00007,P001,Coca Cola 500ml,Beverage,8,60,45,0
2026-01-07,T00007,P002,Wai Wai Noodles,Grocery,16,35,25,2
2026-01-07,T00007,P003,Milk 1L,Dairy,12,85,70,5
2026-01-07,T00006,P004,Basmati Rice 5kg,Grocery,4,420,360,0
2026-01-07,T00007,P005,Potato Chips 100g,Snacks,17,50,35,0
2026-01-07,T00007,P006,Bread,Bakery,11,55,40,0
2026-01-07,T00007,P007,Pepsi 500ml,Beverage,4,60,45,0
2026-01-08,T00008,P001,Coca Cola 500ml,Beverage,10,60,45,0
2026-01-08,T00008,P002,Wai Wai Noodles,Grocery,15,35,25,0
2026-01-08,T00008,P003,Milk 1L,Dairy,4,85,70,4
2026-01-08,T00007,P004,Basmati Rice 5kg,Grocery,3,420,360,0
2026-01-08,T00008,P005,Potato Chips 100g,Snacks,7,50,35,0
2026-01-08,T00008,P006,Bread,Bakery,8,55,40,0
2026-01-08,T00008,P007,Pepsi 500ml,Beverage,6,60,45,0
2026-01-09,T00009,P001,Coca Cola 500ml,Beverage,10,60,45,0
2026-01-09,T00009,P002,Wai Wai Noodles,Grocery,16,35,25,0
2026-01-09,T00009,P003,Milk 1L,Dairy,9,85,70,0
2026-01-09,T00008,P004,Basmati Rice 5kg,Grocery,6,420,360,0
2026-01-09,T00009,P005,Potato Chips 100g,Snacks,10,50,35,0
2026-01-09,T00009,P006,Bread,Bakery,15,55,40,0
2026-01-09,T00009,P007,Pepsi 500ml,Beverage,15,60,45,0
2026-01-10,T00010,P001,Coca Cola 500ml,Beverage,15,60,45,0
2026-01-10,T00010,P002,Wai Wai Noodles,Grocery,17,35,25,0
2026-01-10,T00010,P003,Milk 1L,Dairy,12,85,70,8
2026-01-10,T00009,P004,Basmati Rice 5kg,Grocery,1,420,360,0
2026-01-10,T00010,P005,Potato Chips 100g,Snacks,13,50,35,0
2026-01-10,T00010,P006,Bread,Bakery,10,55,40,5
2026-01-10,T00010,P007,Pepsi 500ml,Beverage,24,60,45,0
2026-01-11,T00011,P001,Coca Cola 500ml,Beverage,12,60,45,0
2026-01-11,T00011,P002,Wai Wai Noodles,Grocery,21,35,25,0
2026-01-11,T00011,P003,Milk 1L,Dairy,10,85,70,4
2026-01-11,T00010,P004,Basmati Rice 5kg,Grocery,5,420,360,0
2026-01-11,T00011,P005,Potato Chips 100g,Snacks,4,50,35,0
2026-01-11,T00011,P006,Bread,Bakery,10,55,40,0
2026-01-11,T00011,P007,Pepsi 500ml,Beverage,8,60,45,0
2026-01-12,T00012,P001,Coca Cola 500ml,Beverage,9,60,45,0
2026-01-12,T00012,P002,Wai Wai Noodles,Grocery,18,35,25,0
2026-01-12,T00012,P003,Milk 1L,Dairy,15,85,70,0
2026-01-12,T00011,P004,Basmati Rice 5kg,Grocery,2,420,360,15
2026-01-12,T00012,P005,Potato Chips 100g,Snacks,5,50,35,0
2026-01-12,T00012,P006,Bread,Bakery,6,55,40,0
2026-01-12,T00012,P007,Pepsi 500ml,Beverage,15,60,45,0
2026-01-13,T00013,P001,Coca Cola 500ml,Beverage,12,60,45,0
2026-01-13,T00013,P002,Wai Wai Noodles,Grocery,23,35,25,0
2026-01-13,T00013,P003,Milk 1L,Dairy,8,85,70,0
2026-01-13,T00012,P004,Basmati Rice 5kg,Grocery,3,420,360,0
2026-01-13,T00013,P005,Potato Chips 100g,Snacks,12,50,35,0
2026-01-13,T00013,P006,Bread,Bakery,26,55,40,0
2026-01-13,T00013,P007,Pepsi 500ml,Beverage,11,60,45,0
2026-01-14,T00014,P001,Coca Cola 500ml,Beverage,14,60,45,0
2026-01-14,T00014,P002,Wai Wai Noodles,Grocery,26,35,25,0
2026-01-14,T00014,P003,Milk 1L,Dairy,8,85,70,0
2026-01-14,T00013,P004,Basmati Rice 5kg,Grocery,4,420,360,0
2026-01-14,T00014,P005,Potato Chips 100g,Snacks,6,50,35,0
2026-01-14,T00014,P006,Bread,Bakery,12,55,40,0
2026-01-14,T00014,P007,Pepsi 500ml,Beverage,11,60,45,0
2026-01-15,T00015,P001,Coca Cola 500ml,Beverage,14,60,45,0
2026-01-15,T00015,P002,Wai Wai Noodles,Grocery,11,35,25,3
2026-01-15,T00015,P003,Milk 1L,Dairy,17,85,70,0
2026-01-15,T00014,P004,Basmati Rice 5kg,Grocery,7,420,360,0
2026-01-15,T00015,P005,Potato Chips 100g,Snacks,7,50,35,2
2026-01-15,T00015,P006,Bread,Bakery,7,55,40,0
2026-01-15,T00015,P007,Pepsi 500ml,Beverage,5,60,45,0
2026-01-16,T00016,P001,Coca Cola 500ml,Beverage,12,60,45,0
2026-01-16,T00016,P002,Wai Wai Noodles,Grocery,15,35,25,0
2026-01-16,T00016,P003,Milk 1L,Dairy,10,85,70,0
2026-01-16,T00015,P004,Basmati Rice 5kg,Grocery,7,420,360,0
2026-01-16,T00016,P005,Potato Chips 100g,Snacks,13,50,35,0
2026-01-16,T00016,P006,Bread,Bakery,17,55,40,2
2026-01-16,T00016,P007,Pepsi 500ml,Beverage,12,60,45,0
2026-01-17,T00017,P001,Coca Cola 500ml,Beverage,7,60,45,0
2026-01-17,T00017,P002,Wai Wai Noodles,Grocery,23,35,25,0
2026-01-17,T00017,P003,Milk 1L,Dairy,11,85,70,5
2026-01-17,T00017,P005,Potato Chips 100g,Snacks,6,50,35,0
2026-01-17,T00017,P006,Bread,Bakery,9,55,40,0
2026-01-17,T00017,P007,Pepsi 500ml,Beverage,20,60,45,0
2026-01-18,T00018,P001,Coca Cola 500ml,Beverage,15,60,45,0
2026-01-18,T00018,P002,Wai Wai Noodles,Grocery,18,35,25,0
2026-01-18,T00018,P003,Milk 1L,Dairy,12,85,70,0
2026-01-18,T00016,P004,Basmati Rice 5kg,Grocery,8,420,360,0
2026-01-18,T00018,P005,Potato Chips 100g,Snacks,9,50,35,0
2026-01-18,T00018,P006,Bread,Bakery,8,55,40,0
2026-01-18,T00018,P007,Pepsi 500ml,Beverage,6,60,45,4
2026-01-19,T00019,P001,Coca Cola 500ml,Beverage,16,60,45,2
2026-01-19,T00019,P002,Wai Wai Noodles,Grocery,15,35,25,0
2026-01-19,T00019,P003,Milk 1L,Dairy,10,85,70,0
2026-01-19,T00017,P004,Basmati Rice 5kg,Grocery,4,420,360,0
2026-01-19,T00019,P005,Potato Chips 100g,Snacks,7,50,35,0
2026-01-19,T00019,P006,Bread,Bakery,13,55,40,0
2026-01-19,T00019,P007,Pepsi 500ml,Beverage,10,60,45,0
2026-01-20,T00020,P001,Coca Cola 500ml,Beverage,12,60,45,0
2026-01-20,T00020,P002,Wai Wai Noodles,Grocery,16,35,25,0
2026-01-20,T00020,P003,Milk 1L,Dairy,16,85,70,0
2026-01-20,T00018,P004,Basmati Rice 5kg,Grocery,4,420,360,0
2026-01-20,T00020,P005,Potato Chips 100g,Snacks,2,50,35,0
2026-01-20,T00020,P006,Bread,Bakery,8,55,40,0
2026-01-20,T00020,P007,Pepsi 500ml,Beverage,4,60,45,0
2026-01-21,T00021,P001,Coca Cola 500ml,Beverage,15,60,45,0
2026-01-21,T00021,P002,Wai Wai Noodles,Grocery,22,35,25,0
2026-01-21,T00021,P003,Milk 1L,Dairy,9,85,70,0
2026-01-21,T00019,P004,Basmati Rice 5kg,Grocery,3,420,360,0
2026-01-21,T00021,P006,Bread,Bakery,10,55,40,0
2026-01-21,T00021,P007,Pepsi 500ml,Beverage,9,60,45,0
2026-01-22,T00022,P001,Coca Cola 500ml,Beverage,14,60,45,0
2026-01-22,T00022,P002,Wai Wai Noodles,Grocery,26,35,25,0
2026-01-22,T00022,P003,Milk 1L,Dairy,12,85,70,0
2026-01-22,T00020,P004,Basmati Rice 5kg,Grocery,2,420,360,0
2026-01-22,T00021,P005,Potato Chips 100g,Snacks,7,50,35,0
2026-01-22,T00022,P006,Bread,Bakery,10,55,40,0
2026-01-22,T00022,P007,Pepsi 500ml,Beverage,9,60,45,0
2026-01-23,T00023,P001,Coca Cola 500ml,Beverage,18,60,45,0
2026-01-23,T00023,P002,Wai Wai Noodles,Grocery,22,35,25,0
2026-01-23,T00023,P003,Milk 1L,Dairy,11,85,70,0
2026-01-23,T00021,P004,Basmati Rice 5kg,Grocery,15,420,360,0
2026-01-23,T00022,P005,Potato Chips 100g,Snacks,5,50,35,2
2026-01-23,T00023,P006,Bread,Bakery,21,55,40,0
2026-01-23,T00023,P007,Pepsi 500ml,Beverage,9,60,45,0
2026-01-24,T00024,P001,Coca Cola 500ml,Beverage,18,60,45,0
2026-01-24,T00024,P002,Wai Wai Noodles,Grocery,15,35,25,0
2026-01-24,T00024,P003,Milk 1L,Dairy,8,85,70,0
2026-01-24,T00022,P004,Basmati Rice 5kg,Grocery,2,420,360,0
2026-01-24,T00023,P005,Potato Chips 100g,Snacks,11,50,35,0
2026-01-24,T00024,P006,Bread,Bakery,21,55,40,0
2026-01-24,T00024,P007,Pepsi 500ml,Beverage,14,60,45,0
2026-01-25,T00025,P001,Coca Cola 500ml,Beverage,20,60,45,0
2026-01-25,T00025,P002,Wai Wai Noodles,Grocery,12,35,25,0
2026-01-25,T00025,P003,Milk 1L,Dairy,9,85,70,0
2026-01-25,T00023,P004,Basmati Rice 5kg,Grocery,5,420,360,0
2026-01-25,T00025,P006,Bread,Bakery,10,55,40,2
2026-01-25,T00025,P007,Pepsi 500ml,Beverage,8,60,45,0
2026-01-26,T00026,P001,Coca Cola 500ml,Beverage,13,60,45,0
2026-01-26,T00026,P002,Wai Wai Noodles,Grocery,15,35,25,0
2026-01-26,T00026,P003,Milk 1L,Dairy,14,85,70,0
2026-01-26,T00024,P004,Basmati Rice 5kg,Grocery,5,420,360,0
2026-01-26,T00024,P005,Potato Chips 100g,Snacks,8,50,35,0
2026-01-26,T00026,P006,Bread,Bakery,9,55,40,0
2026-01-26,T00026,P007,Pepsi 500ml,Beverage,11,60,45,0
2026-01-27,T00027,P001,Coca Cola 500ml,Beverage,15,60,45,0
2026-01-27,T00027,P002,Wai Wai Noodles,Grocery,24,35,25,0
2026-01-27,T00027,P003,Milk 1L,Dairy,9,85,70,0
2026-01-27,T00025,P004,Basmati Rice 5kg,Grocery,2,420,360,0
2026-01-27,T00025,P005,Potato Chips 100g,Snacks,4,50,35,0
2026-01-27,T00027,P006,Bread,Bakery,9,55,40,4
2026-01-27,T00027,P007,Pepsi 500ml,Beverage,7,60,45,0
2026-01-28,T00028,P001,Coca Cola 500ml,Beverage,14,60,45,0
2026-01-28,T00028,P002,Wai Wai Noodles,Grocery,19,35,25,0
2026-01-28,T00028,P003,Milk 1L,Dairy,7,85,70,0
2026-01-28,T00026,P004,Basmati Rice 5kg,Grocery,3,420,360,0
2026-01-28,T00026,P005,Potato Chips 100g,Snacks,5,50,35,0
2026-01-28,T00028,P006,Bread,Bakery,7,55,40,0
2026-01-28,T00028,P007,Pepsi 500ml,Beverage,7,60,45,0
2026-01-29,T00029,P001,Coca Cola 500ml,Beverage,13,60,45,0
2026-01-29,T00029,P002,Wai Wai Noodles,Grocery,19,35,25,0
2026-01-29,T00029,P003,Milk 1L,Dairy,6,85,70,0
2026-01-29,T00027,P004,Basmati Rice 5kg,Grocery,4,420,360,22
2026-01-29,T00027,P005,Potato Chips 100g,Snacks,26,50,35,0
2026-01-29,T00029,P006,Bread,Bakery,9,55,40,5
2026-01-29,T00029,P007,Pepsi 500ml,Beverage,9,60,45,0
2026-01-30,T00030,P001,Coca Cola 500ml,Beverage,17,60,45,0
2026-01-30,T00030,P002,Wai Wai Noodles,Grocery,22,35,25,0
2026-01-30,T00030,P003,Milk 1L,Dairy,13,85,70,0
2026-01-30,T00028,P004,Basmati Rice 5kg,Grocery,6,420,360,0
2026-01-30,T00028,P005,Potato Chips 100g,Snacks,8,50,35,0
2026-01-30,T00030,P006,Bread,Bakery,8,55,40,0
2026-01-30,T00030,P007,Pepsi 500ml,Beverage,6,60,45,0
2026-01-31,T00031,P001,Coca Cola 500ml,Beverage,14,60,45,5
2026-01-31,T00031,P002,Wai Wai Noodles,Grocery,21,35,25,0
2026-01-31,T00031,P003,Milk 1L,Dairy,7,85,70,0
2026-01-31,T00029,P004,Basmati Rice 5kg,Grocery,3,420,360,0
2026-01-31,T00029,P005,Potato Chips 100g,Snacks,7,50,35,0
2026-01-31,T00031,P006,Bread,Bakery,7,55,40,0
2026-01-31,T00031,P007,Pepsi 500ml,Beverage,14,60,45,0
2026-02-01,T00032,P001,Coca Cola 500ml,Beverage,18,60,45,0
2026-02-01,T00032,P002,Wai Wai Noodles,Grocery,24,35,25,2
2026-02-01,T00032,P003,Milk 1L,Dairy,12,85,70,0
2026-02-01,T00030,P004,Basmati Rice 5kg,Grocery,1,420,360,0
2026-02-01,T00030,P005,Potato Chips 100g,Snacks,13,50,35,0
2026-02-01,T00032,P006,Bread,Bakery,9,55,40,0
2026-02-01,T00032,P007,Pepsi 500ml,Beverage,9,60,45,0
2026-02-02,T00033,P001,Coca Cola 500ml,Beverage,20,60,45,0
2026-02-02,T00033,P002,Wai Wai Noodles,Grocery,28,35,25,0
2026-02-02,T00033,P003,Milk 1L,Dairy,8,85,70,0
2026-02-02,T00031,P004,Basmati Rice 5kg,Grocery,9,420,360,0
2026-02-02,T00031,P005,Potato Chips 100g,Snacks,6,50,35,0
2026-02-02,T00033,P006,Bread,Bakery,12,55,40,0
2026-02-02,T00033,P007,Pepsi 500ml,Beverage,8,60,45,0
2026-02-03,T00034,P001,Coca Cola 500ml,Beverage,11,60,45,0
2026-02-03,T00034,P002,Wai Wai Noodles,Grocery,21,35,25,0
2026-02-03,T00034,P003,Milk 1L,Dairy,9,85,70,0
2026-02-03,T00032,P004,Basmati Rice 5kg,Grocery,7,420,360,0
2026-02-03,T00032,P005,Potato Chips 100g,Snacks,6,50,35,0
2026-02-03,T00034,P006,Bread,Bakery,12,55,40,0
2026-02-03,T00034,P007,Pepsi 500ml,Beverage,17,60,45,0
2026-02-04,T00035,P001,Coca Cola 500ml,Beverage,42,60,45,0
2026-02-04,T00035,P002,Wai Wai Noodles,Grocery,26,35,25,0
2026-02-04,T00035,P003,Milk 1L,Dairy,6,85,70,0
2026-02-04,T00033,P004,Basmati Rice 5kg,Grocery,5,420,360,0
2026-02-04,T00033,P005,Potato Chips 100g,Snacks,10,50,35,4
2026-02-04,T00035,P006,Bread,Bakery,12,55,40,0
2026-02-04,T00035,P007,Pepsi 500ml,Beverage,11,60,45,0
2026-02-05,T00036,P001,Coca Cola 500ml,Beverage,15,60,45,0
2026-02-05,T00036,P002,Wai Wai Noodles,Grocery,16,35,25,0
2026-02-05,T00036,P003,Milk 1L,Dairy,26,85,70,0
2026-02-05,T00034,P004,Basmati Rice 5kg,Grocery,4,420,360,0
2026-02-05,T00034,P005,Potato Chips 100g,Snacks,6,50,35,0
2026-02-05,T00036,P006,Bread,Bakery,10,55,40,5
2026-02-05,T00036,P007,Pepsi 500ml,Beverage,12,60,45,0
2026-02-06,T00037,P001,Coca Cola 500ml,Beverage,20,60,45,0
2026-02-06,T00037,P002,Wai Wai Noodles,Grocery,22,35,25,0
2026-02-06,T00037,P003,Milk 1L,Dairy,9,85,70,0
2026-02-06,T00035,P004,Basmati Rice 5kg,Grocery,9,420,360,0
2026-02-06,T00035,P005,Potato Chips 100g,Snacks,6,50,35,0
2026-02-06,T00037,P006,Bread,Bakery,14,55,40,0
2026-02-06,T00037,P007,Pepsi 500ml,Beverage,12,60,45,0
2026-02-07,T00038,P001,Coca Cola 500ml,Beverage,15,60,45,0
2026-02-07,T00038,P002,Wai Wai Noodles,Grocery,17,35,25,0
2026-02-07,T00038,P003,Milk 1L,Dairy,8,85,70,0
2026-02-07,T00036,P004,Basmati Rice 5kg,Grocery,5,420,360,0
2026-02-07,T00036,P005,Potato Chips 100g,Snacks,9,50,35,0
2026-02-07,T00038,P006,Bread,Bakery,18,55,40,0
2026-02-07,T00038,P007,Pepsi 500ml,Beverage,10,60,45,0
2026-02-08,T00039,P001,Coca Cola 500ml,Beverage,23,60,45,0
2026-02-08,T00039,P002,Wai Wai Noodles,Grocery,25,35,25,0
2026-02-08,T00039,P003,Milk 1L,Dairy,9,85,70,0
2026-02-08,T00037,P004,Basmati Rice 5kg,Grocery,6,420,360,0
2026-02-08,T00039,P006,Bread,Bakery,14,55,40,0
2026-02-08,T00039,P007,Pepsi 500ml,Beverage,14,60,45,0
2026-02-09,T00040,P001,Coca Cola 500ml,Beverage,20,60,45,3
2026-02-09,T00040,P002,Wai Wai Noodles,Grocery,20,35,25,0
2026-02-09,T00040,P003,Milk 1L,Dairy,10,85,70,0
2026-02-09,T00038,P004,Basmati Rice 5kg,Grocery,2,420,360,0
2026-02-09,T00037,P005,Potato Chips 100g,Snacks,8,50,35,0
2026-02-09,T00040,P006,Bread,Bakery,13,55,40,0
2026-02-09,T00040,P007,Pepsi 500ml,Beverage,8,60,45,0
2026-02-10,T00041,P001,Coca Cola 500ml,Beverage,18,60,45,0
2026-02-10,T00041,P002,Wai Wai Noodles,Grocery,23,35,25,0
2026-02-10,T00041,P003,Milk 1L,Dairy,15,85,70,0
2026-02-10,T00039,P004,Basmati Rice 5kg,Grocery,6,420,360,14
2026-02-10,T00038,P005,Potato Chips 100g,Snacks,6,50,35,0
2026-02-10,T00041,P006,Bread,Bakery,10,55,40,0
2026-02-10,T00041,P007,Pepsi 500ml,Beverage,11,60,45,0
2026-02-11,T00042,P001,Coca Cola 500ml,Beverage,13,60,45,0
2026-02-11,T00042,P002,Wai Wai Noodles,Grocery,15,35,25,0
2026-02-11,T00042,P003,Milk 1L,Dairy,9,85,70,0
2026-02-11,T00040,P004,Basmati Rice 5kg,Grocery,11,420,360,0
2026-02-11,T00039,P005,Potato Chips 100g,Snacks,6,50,35,0
2026-02-11,T00042,P006,Bread,Bakery,11,55,40,0
2026-02-11,T00042,P007,Pepsi 500ml,Beverage,11,60,45,0
2026-02-12,T00043,P001,Coca Cola 500ml,Beverage,12,60,45,0
2026-02-12,T00043,P002,Wai Wai Noodles,Grocery,23,35,25,1
2026-02-12,T00043,P003,Milk 1L,Dairy,7,85,70,0
2026-02-12,T00041,P004,Basmati Rice 5kg,Grocery,1,420,360,0
2026-02-12,T00040,P005,Potato Chips 100g,Snacks,8,50,35,0
2026-02-12,T00043,P006,Bread,Bakery,10,55,40,0
2026-02-12,T00043,P007,Pepsi 500ml,Beverage,12,60,45,0
2026-02-13,T00044,P001,Coca Cola 500ml,Beverage,24,60,45,0
2026-02-13,T00044,P002,Wai Wai Noodles,Grocery,24,35,25,1
2026-02-13,T00044,P003,Milk 1L,Dairy,22,85,70,0
2026-02-13,T00041,P005,Potato Chips 100g,Snacks,12,50,35,0
2026-02-13,T00044,P006,Bread,Bakery,15,55,40,0
2026-02-13,T00044,P007,Pepsi 500ml,Beverage,13,60,45,0
2026-02-14,T00045,P001,Coca Cola 500ml,Beverage,11,60,45,0
2026-02-14,T00045,P002,Wai Wai Noodles,Grocery,16,35,25,0
2026-02-14,T00045,P003,Milk 1L,Dairy,12,85,70,0
2026-02-14,T00042,P004,Basmati Rice 5kg,Grocery,2,420,360,0
2026-02-14,T00042,P005,Potato Chips 100g,Snacks,6,50,35,0
2026-02-14,T00045,P006,Bread,Bakery,16,55,40,0
2026-02-14,T00045,P007,Pepsi 500ml,Beverage,12,60,45,0
2026-02-15,T00046,P001,Coca Cola 500ml,Beverage,11,60,45,0
2026-02-15,T00046,P002,Wai Wai Noodles,Grocery,27,35,25,0
2026-02-15,T00046,P003,Milk 1L,Dairy,10,85,70,0
2026-02-15,T00043,P004,Basmati Rice 5kg,Grocery,3,420,360,0
2026-02-15,T00043,P005,Potato Chips 100g,Snacks,8,50,35,0
2026-02-15,T00046,P006,Bread,Bakery,12,55,40,0
2026-02-15,T00046,P007,Pepsi 500ml,Beverage,12,60,45,0
2026-02-16,T00047,P001,Coca Cola 500ml,Beverage,13,60,45,2
2026-02-16,T00047,P002,Wai Wai Noodles,Grocery,20,35,25,0
2026-02-16,T00047,P003,Milk 1L,Dairy,12,85,70,0
2026-02-16,T00044,P004,Basmati Rice 5kg,Grocery,1,420,360,0
2026-02-16,T00044,P005,Potato Chips 100g,Snacks,7,50,35,0
2026-02-16,T00047,P006,Bread,Bakery,10,55,40,0
2026-02-16,T00047,P007,Pepsi 500ml,Beverage,5,60,45,0
2026-02-17,T00048,P001,Coca Cola 500ml,Beverage,15,60,45,0
2026-02-17,T00048,P002,Wai Wai Noodles,Grocery,23,35,25,0
2026-02-17,T00048,P003,Milk 1L,Dairy,12,85,70,0
2026-02-17,T00045,P004,Basmati Rice 5kg,Grocery,2,420,360,0
2026-02-17,T00045,P005,Potato Chips 100g,Snacks,10,50,35,0
2026-02-17,T00048,P006,Bread,Bakery,12,55,40,0
2026-02-17,T00048,P007,Pepsi 500ml,Beverage,12,60,45,0
2026-02-18,T00049,P001,Coca Cola 500ml,Beverage,14,60,45,0
2026-02-18,T00049,P002,Wai Wai Noodles,Grocery,17,35,25,0
2026-02-18,T00049,P003,Milk 1L,Dairy,9,85,70,0
2026-02-18,T00046,P004,Basmati Rice 5kg,Grocery,2,420,360,0
2026-02-18,T00046,P005,Potato Chips 100g,Snacks,6,50,35,0
2026-02-18,T00049,P006,Bread,Bakery,13,55,40,0
2026-02-18,T00049,P007,Pepsi 500ml,Beverage,13,60,45,3
2026-02-19,T00050,P001,Coca Cola 500ml,Beverage,16,60,45,0
2026-02-19,T00050,P002,Wai Wai Noodles,Grocery,23,35,25,0
2026-02-19,T00050,P003,Milk 1L,Dairy,9,85,70,0
2026-02-19,T00047,P004,Basmati Rice 5kg,Grocery,5,420,360,0
2026-02-19,T00047,P005,Potato Chips 100g,Snacks,11,50,35,3
2026-02-19,T00050,P006,Bread,Bakery,12,55,40,0
2026-02-19,T00050,P007,Pepsi 500ml,Beverage,17,60,45,0
2026-02-20,T00051,P001,Coca Cola 500ml,Beverage,15,60,45,0
2026-02-20,T00051,P002,Wai Wai Noodles,Grocery,24,35,25,0
2026-02-20,T00051,P003,Milk 1L,Dairy,7,85,70,0
2026-02-20,T00048,P004,Basmati Rice 5kg,Grocery,5,420,360,20
2026-02-20,T00048,P005,Potato Chips 100g,Snacks,9,50,35,2
2026-02-20,T00051,P006,Bread,Bakery,16,55,40,0
2026-02-20,T00051,P007,Pepsi 500ml,Beverage,13,60,45,0
2026-02-21,T00052,P001,Coca Cola 500ml,Beverage,26,60,45,0
2026-02-21,T00052,P002,Wai Wai Noodles,Grocery,15,35,25,0
2026-02-21,T00052,P003,Milk 1L,Dairy,14,85,70,0
2026-02-21,T00049,P004,Basmati Rice 5kg,Grocery,7,420,360,0
2026-02-21,T00049,P005,Potato Chips 100g,Snacks,6,50,35,4
2026-02-21,T00052,P006,Bread,Bakery,13,55,40,0
2026-02-21,T00052,P007,Pepsi 500ml,Beverage,13,60,45,0
2026-02-22,T00053,P001,Coca Cola 500ml,Beverage,36,60,45,0
2026-02-22,T00053,P002,Wai Wai Noodles,Grocery,10,35,25,0
2026-02-22,T00053,P003,Milk 1L,Dairy,17,85,70,0
2026-02-22,T00050,P004,Basmati Rice 5kg,Grocery,7,420,360,0
2026-02-22,T00050,P005,Potato Chips 100g,Snacks,9,50,35,4
2026-02-22,T00053,P006,Bread,Bakery,16,55,40,0
2026-02-22,T00053,P007,Pepsi 500ml,Beverage,15,60,45,0
2026-02-23,T00054,P001,Coca Cola 500ml,Beverage,23,60,45,0
2026-02-23,T00054,P002,Wai Wai Noodles,Grocery,15,35,25,0
2026-02-23,T00054,P003,Milk 1L,Dairy,10,85,70,0
2026-02-23,T00051,P004,Basmati Rice 5kg,Grocery,3,420,360,0
2026-02-23,T00051,P005,Potato Chips 100g,Snacks,3,50,35,0
2026-02-23,T00054,P006,Bread,Bakery,9,55,40,0
2026-02-23,T00054,P007,Pepsi 500ml,Beverage,8,60,45,0
2026-02-24,T00055,P001,Coca Cola 500ml,Beverage,13,60,45,2
2026-02-24,T00055,P002,Wai Wai Noodles,Grocery,28,35,25,0
2026-02-24,T00055,P003,Milk 1L,Dairy,15,85,70,0
2026-02-24,T00052,P004,Basmati Rice 5kg,Grocery,4,420,360,22
2026-02-24,T00052,P005,Potato Chips 100g,Snacks,7,50,35,0
2026-02-24,T00055,P006,Bread,Bakery,13,55,40,0
2026-02-24,T00055,P007,Pepsi 500ml,Beverage,11,60,45,0
2026-02-25,T00056,P001,Coca Cola 500ml,Beverage,17,60,45,0
2026-02-25,T00056,P002,Wai Wai Noodles,Grocery,21,35,25,0
2026-02-25,T00056,P003,Milk 1L,Dairy,10,85,70,0
2026-02-25,T00053,P004,Basmati Rice 5kg,Grocery,2,420,360,0
2026-02-25,T00053,P005,Potato Chips 100g,Snacks,9,50,35,0
2026-02-25,T00056,P006,Bread,Bakery,20,55,40,0
2026-02-25,T00056,P007,Pepsi 500ml,Beverage,15,60,45,0
2026-02-26,T00057,P001,Coca Cola 500ml,Beverage,18,60,45,0
2026-02-26,T00057,P002,Wai Wai Noodles,Grocery,15,35,25,2
2026-02-26,T00057,P003,Milk 1L,Dairy,6,85,70,0
2026-02-26,T00054,P004,Basmati Rice 5kg,Grocery,7,420,360,0
2026-02-26,T00054,P005,Potato Chips 100g,Snacks,8,50,35,1
2026-02-26,T00057,P006,Bread,Bakery,16,55,40,0
2026-02-26,T00057,P007,Pepsi 500ml,Beverage,14,60,45,0
2026-02-27,T00058,P001,Coca Cola 500ml,Beverage,16,60,45,0
2026-02-27,T00058,P002,Wai Wai Noodles,Grocery,22,35,25,0
2026-02-27,T00058,P003,Milk 1L,Dairy,17,85,70,0
2026-02-27,T00055,P004,Basmati Rice 5kg,Grocery,1,420,360,0
2026-02-27,T00055,P005,Potato Chips 100g,Snacks,7,50,35,0
2026-02-27,T00058,P006,Bread,Bakery,17,55,40,0
2026-02-27,T00058,P007,Pepsi 500ml,Beverage,13,60,45,0
2026-02-28,T00059,P001,Coca Cola 500ml,Beverage,13,60,45,0
2026-02-28,T00059,P002,Wai Wai Noodles,Grocery,26,35,25,0
2026-02-28,T00059,P003,Milk 1L,Dairy,10,85,70,0
2026-02-28,T00056,P004,Basmati Rice 5kg,Grocery,7,420,360,0
2026-02-28,T00056,P005,Potato Chips 100g,Snacks,10,50,35,0
2026-02-28,T00059,P006,Bread,Bakery,6,55,40,0
2026-02-28,T00059,P007,Pepsi 500ml,Beverage,13,60,45,0
2026-03-01,T00060,P001,Coca Cola 500ml,Beverage,9,60,45,0
2026-03-01,T00060,P002,Wai Wai Noodles,Grocery,21,35,25,0
2026-03-01,T00060,P003,Milk 1L,Dairy,13,85,70,0
2026-03-01,T00057,P004,Basmati Rice 5kg,Grocery,3,420,360,0
2026-03-01,T00057,P005,Potato Chips 100g,Snacks,12,50,35,0
2026-03-01,T00060,P006,Bread,Bakery,12,55,40,0
2026-03-01,T00060,P007,Pepsi 500ml,Beverage,11,60,45,0
2026-03-02,T00061,P001,Coca Cola 500ml,Beverage,17,60,45,0
2026-03-02,T00061,P002,Wai Wai Noodles,Grocery,26,35,25,0
2026-03-02,T00061,P003,Milk 1L,Dairy,8,85,70,0
2026-03-02,T00058,P004,Basmati Rice 5kg,Grocery,5,420,360,0
2026-03-02,T00058,P005,Potato Chips 100g,Snacks,18,50,35,1
2026-03-02,T00061,P006,Bread,Bakery,12,55,40,0
2026-03-02,T00061,P007,Pepsi 500ml,Beverage,5,60,45,0
2026-03-03,T00062,P001,Coca Cola 500ml,Beverage,9,60,45,0
2026-03-03,T00062,P002,Wai Wai Noodles,Grocery,17,35,25,0
2026-03-03,T00062,P003,Milk 1L,Dairy,7,85,70,3
2026-03-03,T00059,P004,Basmati Rice 5kg,Grocery,7,420,360,0
2026-03-03,T00059,P005,Potato Chips 100g,Snacks,8,50,35,0
2026-03-03,T00062,P006,Bread,Bakery,8,55,40,0
2026-03-03,T00062,P007,Pepsi 500ml,Beverage,9,60,45,0
2026-03-04,T00063,P001,Coca Cola 500ml,Beverage,9,60,45,0
2026-03-04,T00063,P002,Wai Wai Noodles,Grocery,13,35,25,0
2026-03-04,T00063,P003,Milk 1L,Dairy,7,85,70,0
2026-03-04,T00060,P004,Basmati Rice 5kg,Grocery,6,420,360,0
2026-03-04,T00060,P005,Potato Chips 100g,Snacks,7,50,35,2
2026-03-04,T00063,P006,Bread,Bakery,10,55,40,0
2026-03-04,T00063,P007,Pepsi 500ml,Beverage,12,60,45,0
2026-03-05,T00064,P001,Coca Cola 500ml,Beverage,12,60,45,0
2026-03-05,T00064,P002,Wai Wai Noodles,Grocery,20,35,25,0
2026-03-05,T00064,P003,Milk 1L,Dairy,9,85,70,0
2026-03-05,T00061,P004,Basmati Rice 5kg,Grocery,2,420,360,0
2026-03-05,T00061,P005,Potato Chips 100g,Snacks,7,50,35,0
2026-03-05,T00064,P006,Bread,Bakery,9,55,40,0
2026-03-05,T00064,P007,Pepsi 500ml,Beverage,12,60,45,0
2026-03-06,T00065,P001,Coca Cola 500ml,Beverage,22,60,45,0
2026-03-06,T00065,P002,Wai Wai Noodles,Grocery,28,35,25,0
2026-03-06,T00065,P003,Milk 1L,Dairy,11,85,70,0
2026-03-06,T00062,P004,Basmati Rice 5kg,Grocery,5,420,360,0
2026-03-06,T00062,P005,Potato Chips 100g,Snacks,15,50,35,0
2026-03-06,T00065,P006,Bread,Bakery,19,55,40,0
2026-03-06,T00065,P007,Pepsi 500ml,Beverage,11,60,45,0
2026-03-07,T00066,P001,Coca Cola 500ml,Beverage,14,60,45,0
2026-03-07,T00066,P002,Wai Wai Noodles,Grocery,33,35,25,0
2026-03-07,T00066,P003,Milk 1L,Dairy,10,85,70,0
2026-03-07,T00063,P004,Basmati Rice 5kg,Grocery,5,420,360,0
2026-03-07,T00063,P005,Potato Chips 100g,Snacks,19,50,35,0
2026-03-07,T00066,P006,Bread,Bakery,10,55,40,0
2026-03-07,T00066,P007,Pepsi 500ml,Beverage,18,60,45,0
2026-03-08,T00067,P001,Coca Cola 500ml,Beverage,14,60,45,0
2026-03-08,T00067,P002,Wai Wai Noodles,Grocery,21,35,25,0
2026-03-08,T00067,P003,Milk 1L,Dairy,7,85,70,0
2026-03-08,T00064,P004,Basmati Rice 5kg,Grocery,5,420,360,0
2026-03-08,T00064,P005,Potato Chips 100g,Snacks,9,50,35,0
2026-03-08,T00067,P006,Bread,Bakery,19,55,40,0
2026-03-08,T00067,P007,Pepsi 500ml,Beverage,12,60,45,0
2026-03-09,T00068,P001,Coca Cola 500ml,Beverage,8,60,45,0
2026-03-09,T00068,P002,Wai Wai Noodles,Grocery,10,35,25,0
2026-03-09,T00068,P003,Milk 1L,Dairy,11,85,70,0
2026-03-09,T00065,P004,Basmati Rice 5kg,Grocery,2,420,360,0
2026-03-09,T00065,P005,Potato Chips 100g,Snacks,11,50,35,0
2026-03-09,T00068,P006,Bread,Bakery,16,55,40,0
2026-03-09,T00068,P007,Pepsi 500ml,Beverage,7,60,45,0
2026-03-10,T00069,P001,Coca Cola 500ml,Beverage,15,60,45,0
2026-03-10,T00069,P002,Wai Wai Noodles,Grocery,19,35,25,0
2026-03-10,T00069,P003,Milk 1L,Dairy,10,85,70,0
2026-03-10,T00066,P004,Basmati Rice 5kg,Grocery,5,420,360,0
2026-03-10,T00066,P005,Potato Chips 100g,Snacks,9,50,35,0
2026-03-10,T00069,P006,Bread,Bakery,9,55,40,0
2026-03-10,T00069,P007,Pepsi 500ml,Beverage,7,60,45,0
2026-03-11,T00070,P001,Coca Cola 500ml,Beverage,14,60,45,0
2026-03-11,T00070,P002,Wai Wai Noodles,Grocery,22,35,25,0
2026-03-11,T00070,P003,Milk 1L,Dairy,12,85,70,0
2026-03-11,T00067,P004,Basmati Rice 5kg,Grocery,3,420,360,0
2026-03-11,T00067,P005,Potato Chips 100g,Snacks,3,50,35,0
2026-03-11,T00070,P006,Bread,Bakery,8,55,40,0
2026-03-11,T00070,P007,Pepsi 500ml,Beverage,7,60,45,0
2026-03-12,T00071,P001,Coca Cola 500ml,Beverage,15,60,45,0
2026-03-12,T00071,P002,Wai Wai Noodles,Grocery,20,35,25,0
2026-03-12,T00071,P003,Milk 1L,Dairy,17,85,70,0
2026-03-12,T00068,P004,Basmati Rice 5kg,Grocery,4,420,360,0
2026-03-12,T00068,P005,Potato Chips 100g,Snacks,11,50,35,0
2026-03-12,T00071,P006,Bread,Bakery,16,55,40,0
2026-03-12,T00071,P007,Pepsi 500ml,Beverage,8,60,45,0
2026-03-13,T00072,P001,Coca Cola 500ml,Beverage,16,60,45,0
2026-03-13,T00072,P002,Wai Wai Noodles,Grocery,23,35,25,2
2026-03-13,T00072,P003,Milk 1L,Dairy,18,85,70,0
2026-03-13,T00069,P004,Basmati Rice 5kg,Grocery,8,420,360,0
2026-03-13,T00069,P005,Potato Chips 100g,Snacks,15,50,35,0
2026-03-13,T00072,P006,Bread,Bakery,15,55,40,0
2026-03-13,T00072,P007,Pepsi 500ml,Beverage,11,60,45,0
2026-03-14,T00073,P001,Coca Cola 500ml,Beverage,15,60,45,0
2026-03-14,T00073,P002,Wai Wai Noodles,Grocery,21,35,25,0
2026-03-14,T00073,P003,Milk 1L,Dairy,13,85,70,0
2026-03-14,T00070,P004,Basmati Rice 5kg,Grocery,7,420,360,0
2026-03-14,T00073,P006,Bread,Bakery,13,55,40,0
2026-03-14,T00073,P007,Pepsi 500ml,Beverage,17,60,45,0
2026-03-15,T00074,P001,Coca Cola 500ml,Beverage,15,60,45,0
2026-03-15,T00074,P002,Wai Wai Noodles,Grocery,25,35,25,0
2026-03-15,T00074,P003,Milk 1L,Dairy,15,85,70,0
2026-03-15,T00071,P004,Basmati Rice 5kg,Grocery,4,420,360,0
2026-03-15,T00070,P005,Potato Chips 100g,Snacks,11,50,35,0
2026-03-15,T00074,P006,Bread,Bakery,15,55,40,0
2026-03-15,T00074,P007,Pepsi 500ml,Beverage,11,60,45,0
2026-03-16,T00075,P001,Coca Cola 500ml,Beverage,15,60,45,0
2026-03-16,T00075,P002,Wai Wai Noodles,Grocery,28,35,25,2
2026-03-16,T00075,P003,Milk 1L,Dairy,13,85,70,0
2026-03-16,T00072,P004,Basmati Rice 5kg,Grocery,5,420,360,0
2026-03-16,T00071,P005,Potato Chips 100g,Snacks,12,50,35,0
2026-03-16,T00075,P006,Bread,Bakery,18,55,40,0
2026-03-16,T00075,P007,Pepsi 500ml,Beverage,21,60,45,0
2026-03-17,T00076,P001,Coca Cola 500ml,Beverage,11,60,45,0
2026-03-17,T00076,P002,Wai Wai Noodles,Grocery,15,35,25,0
2026-03-17,T00076,P003,Milk 1L,Dairy,8,85,70,0
2026-03-17,T00073,P004,Basmati Rice 5kg,Grocery,5,420,360,0
2026-03-17,T00072,P005,Potato Chips 100g,Snacks,4,50,35,0
2026-03-17,T00076,P006,Bread,Bakery,10,55,40,5
2026-03-17,T00076,P007,Pepsi 500ml,Beverage,11,60,45,0
2026-03-18,T00077,P001,Coca Cola 500ml,Beverage,18,60,45,0
2026-03-18,T00077,P002,Wai Wai Noodles,Grocery,50,35,25,0
2026-03-18,T00077,P003,Milk 1L,Dairy,12,85,70,0
2026-03-18,T00074,P004,Basmati Rice 5kg,Grocery,4,420,360,0
2026-03-18,T00073,P005,Potato Chips 100g,Snacks,6,50,35,0
2026-03-18,T00077,P006,Bread,Bakery,5,55,40,0
2026-03-18,T00077,P007,Pepsi 500ml,Beverage,13,60,45,0
2026-03-19,T00078,P001,Coca Cola 500ml,Beverage,16,60,45,0
2026-03-19,T00078,P002,Wai Wai Noodles,Grocery,20,35,25,3
2026-03-19,T00078,P003,Milk 1L,Dairy,14,85,70,0
2026-03-19,T00075,P004,Basmati Rice 5kg,Grocery,4,420,360,0
2026-03-19,T00074,P005,Potato Chips 100g,Snacks,10,50,35,0
2026-03-19,T00078,P006,Bread,Bakery,14,55,40,0
2026-03-19,T00078,P007,Pepsi 500ml,Beverage,9,60,45,0
2026-03-20,T00079,P001,Coca Cola 500ml,Beverage,18,60,45,0
2026-03-20,T00079,P002,Wai Wai Noodles,Grocery,23,35,25,0
2026-03-20,T00079,P003,Milk 1L,Dairy,14,85,70,0
2026-03-20,T00076,P004,Basmati Rice 5kg,Grocery,5,420,360,0
2026-03-20,T00075,P005,Potato Chips 100g,Snacks,16,50,35,0
2026-03-20,T00079,P006,Bread,Bakery,17,55,40,0
2026-03-20,T00079,P007,Pepsi 500ml,Beverage,11,60,45,0
2026-03-21,T00080,P001,Coca Cola 500ml,Beverage,14,60,45,0
2026-03-21,T00080,P002,Wai Wai Noodles,Grocery,19,35,25,0
2026-03-21,T00080,P003,Milk 1L,Dairy,15,85,70,0
2026-03-21,T00077,P004,Basmati Rice 5kg,Grocery,5,420,360,0
2026-03-21,T00076,P005,Potato Chips 100g,Snacks,7,50,35,0
2026-03-21,T00080,P006,Bread,Bakery,18,55,40,0
2026-03-21,T00080,P007,Pepsi 500ml,Beverage,23,60,45,0
2026-03-22,T00081,P001,Coca Cola 500ml,Beverage,11,60,45,0
2026-03-22,T00081,P002,Wai Wai Noodles,Grocery,18,35,25,0
2026-03-22,T00081,P003,Milk 1L,Dairy,7,85,70,0
2026-03-22,T00078,P004,Basmati Rice 5kg,Grocery,2,420,360,0
2026-03-22,T00077,P005,Potato Chips 100g,Snacks,7,50,35,4
2026-03-22,T00081,P006,Bread,Bakery,14,55,40,0
2026-03-22,T00081,P007,Pepsi 500ml,Beverage,12,60,45,0
2026-03-23,T00082,P001,Coca Cola 500ml,Beverage,14,60,45,0
2026-03-23,T00082,P002,Wai Wai Noodles,Grocery,18,35,25,0
2026-03-23,T00082,P003,Milk 1L,Dairy,7,85,70,0
2026-03-23,T00079,P004,Basmati Rice 5kg,Grocery,5,420,360,0
2026-03-23,T00078,P005,Potato Chips 100g,Snacks,8,50,35,0
2026-03-23,T00082,P006,Bread,Bakery,15,55,40,0
2026-03-23,T00082,P007,Pepsi 500ml,Beverage,7,60,45,0
2026-03-24,T00083,P001,Coca Cola 500ml,Beverage,8,60,45,0
2026-03-24,T00083,P002,Wai Wai Noodles,Grocery,23,35,25,0
2026-03-24,T00083,P003,Milk 1L,Dairy,11,85,70,0
2026-03-24,T00080,P004,Basmati Rice 5kg,Grocery,6,420,360,0
2026-03-24,T00079,P005,Potato Chips 100g,Snacks,11,50,35,0
2026-03-24,T00083,P006,Bread,Bakery,14,55,40,0
2026-03-24,T00083,P007,Pepsi 500ml,Beverage,10,60,45,0
2026-03-25,T00084,P001,Coca Cola 500ml,Beverage,13,60,45,0
2026-03-25,T00084,P002,Wai Wai Noodles,Grocery,18,35,25,0
2026-03-25,T00084,P003,Milk 1L,Dairy,8,85,70,0
2026-03-25,T00080,P005,Potato Chips 100g,Snacks,9,50,35,0
2026-03-25,T00084,P006,Bread,Bakery,15,55,40,0
2026-03-25,T00084,P007,Pepsi 500ml,Beverage,12,60,45,0
2026-03-26,T00085,P001,Coca Cola 500ml,Beverage,19,60,45,0
2026-03-26,T00085,P002,Wai Wai Noodles,Grocery,18,35,25,0
2026-03-26,T00085,P003,Milk 1L,Dairy,16,85,70,0
2026-03-26,T00081,P004,Basmati Rice 5kg,Grocery,3,420,360,0
2026-03-26,T00081,P005,Potato Chips 100g,Snacks,5,50,35,0
2026-03-26,T00085,P006,Bread,Bakery,16,55,40,0
2026-03-26,T00085,P007,Pepsi 500ml,Beverage,15,60,45,0
2026-03-27,T00086,P001,Coca Cola 500ml,Beverage,15,60,45,0
2026-03-27,T00086,P002,Wai Wai Noodles,Grocery,30,35,25,2
2026-03-27,T00086,P003,Milk 1L,Dairy,8,85,70,0
2026-03-27,T00082,P004,Basmati Rice 5kg,Grocery,4,420,360,0
2026-03-27,T00082,P005,Potato Chips 100g,Snacks,11,50,35,0
2026-03-27,T00086,P006,Bread,Bakery,12,55,40,0
2026-03-27,T00086,P007,Pepsi 500ml,Beverage,19,60,45,0
2026-03-28,T00087,P001,Coca Cola 500ml,Beverage,16,60,45,0
2026-03-28,T00087,P002,Wai Wai Noodles,Grocery,19,35,25,0
2026-03-28,T00087,P003,Milk 1L,Dairy,8,85,70,0
2026-03-28,T00083,P004,Basmati Rice 5kg,Grocery,4,420,360,0
2026-03-28,T00083,P005,Potato Chips 100g,Snacks,10,50,35,0
2026-03-28,T00087,P006,Bread,Bakery,22,55,40,0
2026-03-28,T00087,P007,Pepsi 500ml,Beverage,12,60,45,0
2026-03-29,T00088,P001,Coca Cola 500ml,Beverage,23,60,45,0
2026-03-29,T00088,P002,Wai Wai Noodles,Grocery,31,35,25,0
2026-03-29,T00088,P003,Milk 1L,Dairy,12,85,70,0
2026-03-29,T00084,P004,Basmati Rice 5kg,Grocery,5,420,360,40
2026-03-29,T00084,P005,Potato Chips 100g,Snacks,6,50,35,0
2026-03-29,T00088,P006,Bread,Bakery,12,55,40,0
2026-03-29,T00088,P007,Pepsi 500ml,Beverage,13,60,45,0
2026-03-30,T00089,P001,Coca Cola 500ml,Beverage,22,60,45,0
2026-03-30,T00089,P002,Wai Wai Noodles,Grocery,15,35,25,0
2026-03-30,T00089,P003,Milk 1L,Dairy,12,85,70,0
2026-03-30,T00085,P004,Basmati Rice 5kg,Grocery,3,420,360,0
2026-03-30,T00085,P005,Potato Chips 100g,Snacks,11,50,35,0
2026-03-30,T00089,P006,Bread,Bakery,15,55,40,3
2026-03-30,T00089,P007,Pepsi 500ml,Beverage,8,60,45,0
2026-03-31,T00090,P001,Coca Cola 500ml,Beverage,9,60,45,0
2026-03-31,T00090,P002,Wai Wai Noodles,Grocery,22,35,25,0
2026-03-31,T00090,P003,Milk 1L,Dairy,5,85,70,0
2026-03-31,T00086,P004,Basmati Rice 5kg,Grocery,1,420,360,0
2026-03-31,T00086,P005,Potato Chips 100g,Snacks,5,50,35,0
2026-03-31,T00090,P006,Bread,Bakery,15,55,40,0
2026-03-31,T00090,P007,Pepsi 500ml,Beverage,13,60,45,0
2026-04-01,T00091,P001,Coca Cola 500ml,Beverage,35,60,45,0
2026-04-01,T00091,P002,Wai Wai Noodles,Grocery,9,35,25,0
2026-04-01,T00091,P003,Milk 1L,Dairy,10,85,70,0
2026-04-01,T00087,P005,Potato Chips 100g,Snacks,7,50,35,0
2026-04-01,T00091,P006,Bread,Bakery,17,55,40,0
2026-04-01,T00091,P007,Pepsi 500ml,Beverage,10,60,45,0
2026-04-02,T00092,P001,Coca Cola 500ml,Beverage,17,60,45,0
2026-04-02,T00092,P002,Wai Wai Noodles,Grocery,16,35,25,0
2026-04-02,T00092,P003,Milk 1L,Dairy,10,85,70,0
2026-04-02,T00087,P004,Basmati Rice 5kg,Grocery,7,420,360,0
2026-04-02,T00088,P005,Potato Chips 100g,Snacks,8,50,35,0
2026-04-02,T00092,P006,Bread,Bakery,10,55,40,0
2026-04-02,T00092,P007,Pepsi 500ml,Beverage,16,60,45,2
2026-04-03,T00093,P001,Coca Cola 500ml,Beverage,14,60,45,0
2026-04-03,T00093,P002,Wai Wai Noodles,Grocery,20,35,25,1
2026-04-03,T00093,P003,Milk 1L,Dairy,17,85,70,0
2026-04-03,T00089,P005,Potato Chips 100g,Snacks,16,50,35,0
2026-04-03,T00093,P006,Bread,Bakery,12,55,40,3
2026-04-03,T00093,P007,Pepsi 500ml,Beverage,12,60,45,0
2026-04-04,T00094,P001,Coca Cola 500ml,Beverage,19,60,45,0
2026-04-04,T00094,P002,Wai Wai Noodles,Grocery,23,35,25,0
2026-04-04,T00094,P003,Milk 1L,Dairy,8,85,70,0
2026-04-04,T00088,P004,Basmati Rice 5kg,Grocery,4,420,360,0
2026-04-04,T00090,P005,Potato Chips 100g,Snacks,14,50,35,0
2026-04-04,T00094,P006,Bread,Bakery,14,55,40,0
2026-04-04,T00094,P007,Pepsi 500ml,Beverage,15,60,45,0
2026-04-05,T00095,P001,Coca Cola 500ml,Beverage,12,60,45,0
2026-04-05,T00095,P002,Wai Wai Noodles,Grocery,29,35,25,0
2026-04-05,T00095,P003,Milk 1L,Dairy,16,85,70,0
2026-04-05,T00089,P004,Basmati Rice 5kg,Grocery,3,420,360,0
2026-04-05,T00091,P005,Potato Chips 100g,Snacks,8,50,35,0
2026-04-05,T00095,P006,Bread,Bakery,10,55,40,0
2026-04-05,T00095,P007,Pepsi 500ml,Beverage,11,60,45,0
2026-04-06,T00096,P001,Coca Cola 500ml,Beverage,15,60,45,0
2026-04-06,T00096,P002,Wai Wai Noodles,Grocery,18,35,25,0
2026-04-06,T00096,P003,Milk 1L,Dairy,10,85,70,5
2026-04-06,T00090,P004,Basmati Rice 5kg,Grocery,6,420,360,0
2026-04-06,T00092,P005,Potato Chips 100g,Snacks,10,50,35,0
2026-04-06,T00096,P006,Bread,Bakery,13,55,40,4
2026-04-06,T00096,P007,Pepsi 500ml,Beverage,11,60,45,0
2026-04-07,T00097,P001,Coca Cola 500ml,Beverage,20,60,45,0
2026-04-07,T00097,P002,Wai Wai Noodles,Grocery,24,35,25,0
2026-04-07,T00097,P003,Milk 1L,Dairy,12,85,70,0
2026-04-07,T00093,P005,Potato Chips 100g,Snacks,8,50,35,0
2026-04-07,T00097,P006,Bread,Bakery,11,55,40,0
2026-04-07,T00097,P007,Pepsi 500ml,Beverage,7,60,45,0
2026-04-08,T00098,P001,Coca Cola 500ml,Beverage,9,60,45,0
2026-04-08,T00098,P002,Wai Wai Noodles,Grocery,24,35,25,0
2026-04-08,T00098,P003,Milk 1L,Dairy,10,85,70,6
2026-04-08,T00091,P004,Basmati Rice 5kg,Grocery,6,420,360,0
2026-04-08,T00094,P005,Potato Chips 100g,Snacks,8,50,35,0
2026-04-08,T00098,P006,Bread,Bakery,10,55,40,0
2026-04-08,T00098,P007,Pepsi 500ml,Beverage,14,60,45,0
2026-04-09,T00099,P001,Coca Cola 500ml,Beverage,18,60,45,0
2026-04-09,T00099,P002,Wai Wai Noodles,Grocery,13,35,25,0
2026-04-09,T00099,P003,Milk 1L,Dairy,9,85,70,0
2026-04-09,T00092,P004,Basmati Rice 5kg,Grocery,4,420,360,0
2026-04-09,T00095,P005,Potato Chips 100g,Snacks,11,50,35,0
2026-04-09,T00099,P006,Bread,Bakery,9,55,40,0
2026-04-09,T00099,P007,Pepsi 500ml,Beverage,5,60,45,0
2026-04-10,T00100,P001,Coca Cola 500ml,Beverage,14,60,45,0
2026-04-10,T00100,P002,Wai Wai Noodles,Grocery,22,35,25,0
2026-04-10,T00100,P003,Milk 1L,Dairy,12,85,70,7
2026-04-10,T00093,P004,Basmati Rice 5kg,Grocery,6,420,360,0
2026-04-10,T00096,P005,Potato Chips 100g,Snacks,9,50,35,0
2026-04-10,T00100,P006,Bread,Bakery,14,55,40,0
2026-04-10,T00100,P007,Pepsi 500ml,Beverage,12,60,45,0
2026-04-11,T00101,P001,Coca Cola 500ml,Beverage,20,60,45,0
2026-04-11,T00101,P002,Wai Wai Noodles,Grocery,29,35,25,0
2026-04-11,T00101,P003,Milk 1L,Dairy,12,85,70,0
2026-04-11,T00097,P005,Potato Chips 100g,Snacks,10,50,35,0
2026-04-11,T00101,P006,Bread,Bakery,18,55,40,0
2026-04-11,T00101,P007,Pepsi 500ml,Beverage,16,60,45,0
2026-04-12,T00102,P001,Coca Cola 500ml,Beverage,19,60,45,0
2026-04-12,T00102,P002,Wai Wai Noodles,Grocery,19,35,25,0
2026-04-12,T00102,P003,Milk 1L,Dairy,15,85,70,0
2026-04-12,T00094,P004,Basmati Rice 5kg,Grocery,5,420,360,0
2026-04-12,T00098,P005,Potato Chips 100g,Snacks,10,50,35,0
2026-04-12,T00102,P006,Bread,Bakery,13,55,40,0
2026-04-12,T00102,P007,Pepsi 500ml,Beverage,6,60,45,0
2026-04-13,T00103,P001,Coca Cola 500ml,Beverage,22,60,45,0
2026-04-13,T00103,P002,Wai Wai Noodles,Grocery,20,35,25,0
2026-04-13,T00103,P003,Milk 1L,Dairy,10,85,70,0
2026-04-13,T00095,P004,Basmati Rice 5kg,Grocery,8,420,360,17
2026-04-13,T00099,P005,Potato Chips 100g,Snacks,12,50,35,0
2026-04-13,T00103,P006,Bread,Bakery,9,55,40,0
2026-04-13,T00103,P007,Pepsi 500ml,Beverage,12,60,45,0
2026-04-14,T00104,P001,Coca Cola 500ml,Beverage,9,60,45,0
2026-04-14,T00104,P002,Wai Wai Noodles,Grocery,19,35,25,0
2026-04-14,T00104,P003,Milk 1L,Dairy,13,85,70,0
2026-04-14,T00096,P004,Basmati Rice 5kg,Grocery,15,420,360,0
2026-04-14,T00100,P005,Potato Chips 100g,Snacks,10,50,35,0
2026-04-14,T00104,P006,Bread,Bakery,18,55,40,2
2026-04-14,T00104,P007,Pepsi 500ml,Beverage,9,60,45,0
2026-04-15,T00105,P001,Coca Cola 500ml,Beverage,9,60,45,0
2026-04-15,T00105,P002,Wai Wai Noodles,Grocery,26,35,25,0
2026-04-15,T00105,P003,Milk 1L,Dairy,12,85,70,0
2026-04-15,T00097,P004,Basmati Rice 5kg,Grocery,2,420,360,0
2026-04-15,T00101,P005,Potato Chips 100g,Snacks,9,50,35,0
2026-04-15,T00105,P006,Bread,Bakery,10,55,40,0
2026-04-15,T00105,P007,Pepsi 500ml,Beverage,8,60,45,0
2026-04-16,T00106,P001,Coca Cola 500ml,Beverage,13,60,45,0
2026-04-16,T00106,P002,Wai Wai Noodles,Grocery,25,35,25,0
2026-04-16,T00106,P003,Milk 1L,Dairy,5,85,70,5
2026-04-16,T00098,P004,Basmati Rice 5kg,Grocery,9,420,360,0
2026-04-16,T00102,P005,Potato Chips 100g,Snacks,13,50,35,0
2026-04-16,T00106,P006,Bread,Bakery,7,55,40,0
2026-04-16,T00106,P007,Pepsi 500ml,Beverage,8,60,45,0
2026-04-17,T00107,P001,Coca Cola 500ml,Beverage,16,60,45,0
2026-04-17,T00107,P002,Wai Wai Noodles,Grocery,16,35,25,0
2026-04-17,T00107,P003,Milk 1L,Dairy,15,85,70,0
2026-04-17,T00099,P004,Basmati Rice 5kg,Grocery,3,420,360,22
2026-04-17,T00103,P005,Potato Chips 100g,Snacks,9,50,35,0
2026-04-17,T00107,P006,Bread,Bakery,18,55,40,0
2026-04-17,T00107,P007,Pepsi 500ml,Beverage,8,60,45,0
2026-04-18,T00108,P001,Coca Cola 500ml,Beverage,17,60,45,0
2026-04-18,T00108,P002,Wai Wai Noodles,Grocery,24,35,25,2
2026-04-18,T00108,P003,Milk 1L,Dairy,12,85,70,0
2026-04-18,T00100,P004,Basmati Rice 5kg,Grocery,5,420,360,0
2026-04-18,T00104,P005,Potato Chips 100g,Snacks,12,50,35,0
2026-04-18,T00108,P006,Bread,Bakery,17,55,40,0
2026-04-18,T00108,P007,Pepsi 500ml,Beverage,13,60,45,0
2026-04-19,T00109,P001,Coca Cola 500ml,Beverage,18,60,45,0
2026-04-19,T00109,P002,Wai Wai Noodles,Grocery,24,35,25,0
2026-04-19,T00109,P003,Milk 1L,Dairy,6,85,70,0
2026-04-19,T00101,P004,Basmati Rice 5kg,Grocery,3,420,360,0
2026-04-19,T00105,P005,Potato Chips 100g,Snacks,7,50,35,0
2026-04-19,T00109,P006,Bread,Bakery,13,55,40,0
2026-04-19,T00109,P007,Pepsi 500ml,Beverage,12,60,45,0
2026-04-20,T00110,P001,Coca Cola 500ml,Beverage,17,60,45,0
2026-04-20,T00110,P002,Wai Wai Noodles,Grocery,16,35,25,0
2026-04-20,T00110,P003,Milk 1L,Dairy,11,85,70,0
2026-04-20,T00102,P004,Basmati Rice 5kg,Grocery,7,420,360,0
2026-04-20,T00106,P005,Potato Chips 100g,Snacks,12,50,35,0
2026-04-20,T00110,P006,Bread,Bakery,9,55,40,0
2026-04-20,T00110,P007,Pepsi 500ml,Beverage,10,60,45,0
2026-04-21,T00111,P001,Coca Cola 500ml,Beverage,12,60,45,0
2026-04-21,T00111,P002,Wai Wai Noodles,Grocery,20,35,25,0
2026-04-21,T00111,P003,Milk 1L,Dairy,4,85,70,0
2026-04-21,T00103,P004,Basmati Rice 5kg,Grocery,10,420,360,0
2026-04-21,T00107,P005,Potato Chips 100g,Snacks,9,50,35,0
2026-04-21,T00111,P006,Bread,Bakery,11,55,40,0
2026-04-21,T00111,P007,Pepsi 500ml,Beverage,13,60,45,0
2026-04-22,T00112,P001,Coca Cola 500ml,Beverage,20,60,45,0
2026-04-22,T00112,P002,Wai Wai Noodles,Grocery,20,35,25,0
2026-04-22,T00112,P003,Milk 1L,Dairy,9,85,70,0
2026-04-22,T00104,P004,Basmati Rice 5kg,Grocery,5,420,360,0
2026-04-22,T00108,P005,Potato Chips 100g,Snacks,11,50,35,0
2026-04-22,T00112,P006,Bread,Bakery,13,55,40,1
2026-04-22,T00112,P007,Pepsi 500ml,Beverage,10,60,45,0
2026-04-23,T00113,P001,Coca Cola 500ml,Beverage,12,60,45,0
2026-04-23,T00113,P002,Wai Wai Noodles,Grocery,13,35,25,0
2026-04-23,T00113,P003,Milk 1L,Dairy,7,85,70,8
2026-04-23,T00105,P004,Basmati Rice 5kg,Grocery,6,420,360,0
2026-04-23,T00109,P005,Potato Chips 100g,Snacks,6,50,35,0
2026-04-23,T00113,P006,Bread,Bakery,8,55,40,0
2026-04-23,T00113,P007,Pepsi 500ml,Beverage,11,60,45,0
2026-04-24,T00114,P001,Coca Cola 500ml,Beverage,10,60,45,2
2026-04-24,T00114,P002,Wai Wai Noodles,Grocery,20,35,25,0
2026-04-24,T00114,P003,Milk 1L,Dairy,8,85,70,0
2026-04-24,T00106,P004,Basmati Rice 5kg,Grocery,2,420,360,0
2026-04-24,T00110,P005,Potato Chips 100g,Snacks,13,50,35,0
2026-04-24,T00114,P006,Bread,Bakery,17,55,40,0
2026-04-24,T00114,P007,Pepsi 500ml,Beverage,13,60,45,0
2026-04-25,T00115,P001,Coca Cola 500ml,Beverage,13,60,45,0
2026-04-25,T00115,P002,Wai Wai Noodles,Grocery,19,35,25,1
2026-04-25,T00115,P003,Milk 1L,Dairy,9,85,70,0
2026-04-25,T00107,P004,Basmati Rice 5kg,Grocery,4,420,360,0
2026-04-25,T00111,P005,Potato Chips 100g,Snacks,6,50,35,0
2026-04-25,T00115,P006,Bread,Bakery,15,55,40,0
2026-04-25,T00115,P007,Pepsi 500ml,Beverage,14,60,45,0
2026-04-26,T00116,P001,Coca Cola 500ml,Beverage,48,60,45,0
2026-04-26,T00116,P002,Wai Wai Noodles,Grocery,19,35,25,0
2026-04-26,T00116,P003,Milk 1L,Dairy,12,85,70,0
2026-04-26,T00108,P004,Basmati Rice 5kg,Grocery,9,420,360,0
2026-04-26,T00112,P005,Potato Chips 100g,Snacks,9,50,35,0
2026-04-26,T00116,P006,Bread,Bakery,11,55,40,0
2026-04-26,T00116,P007,Pepsi 500ml,Beverage,16,60,45,0
2026-04-27,T00117,P001,Coca Cola 500ml,Beverage,8,60,45,0
2026-04-27,T00117,P002,Wai Wai Noodles,Grocery,14,35,25,0
2026-04-27,T00117,P003,Milk 1L,Dairy,12,85,70,3
2026-04-27,T00109,P004,Basmati Rice 5kg,Grocery,5,420,360,0
2026-04-27,T00113,P005,Potato Chips 100g,Snacks,9,50,35,4
2026-04-27,T00117,P006,Bread,Bakery,11,55,40,0
2026-04-27,T00117,P007,Pepsi 500ml,Beverage,15,60,45,0
2026-04-28,T00118,P001,Coca Cola 500ml,Beverage,17,60,45,0
2026-04-28,T00118,P002,Wai Wai Noodles,Grocery,17,35,25,0
2026-04-28,T00118,P003,Milk 1L,Dairy,14,85,70,0
2026-04-28,T00110,P004,Basmati Rice 5kg,Grocery,7,420,360,0
2026-04-28,T00114,P005,Potato Chips 100g,Snacks,8,50,35,0
2026-04-28,T00118,P006,Bread,Bakery,9,55,40,0
2026-04-28,T00118,P007,Pepsi 500ml,Beverage,12,60,45,0
2026-04-29,T00119,P001,Coca Cola 500ml,Beverage,12,60,45,2
2026-04-29,T00119,P002,Wai Wai Noodles,Grocery,19,35,25,0
2026-04-29,T00119,P003,Milk 1L,Dairy,14,85,70,0
2026-04-29,T00111,P004,Basmati Rice 5kg,Grocery,2,420,360,0
2026-04-29,T00115,P005,Potato Chips 100g,Snacks,4,50,35,0
2026-04-29,T00119,P006,Bread,Bakery,12,55,40,0
2026-04-29,T00119,P007,Pepsi 500ml,Beverage,8,60,45,0
2026-04-30,T00120,P001,Coca Cola 500ml,Beverage,9,60,45,0
2026-04-30,T00120,P002,Wai Wai Noodles,Grocery,19,35,25,0
2026-04-30,T00120,P003,Milk 1L,Dairy,8,85,70,3
2026-04-30,T00116,P005,Potato Chips 100g,Snacks,10,50,35,0
2026-04-30,T00120,P006,Bread,Bakery,9,55,40,0
2026-04-30,T00120,P007,Pepsi 500ml,Beverage,14,60,45,0
2026-05-01,T00121,P001,Coca Cola 500ml,Beverage,18,60,45,0
2026-05-01,T00121,P002,Wai Wai Noodles,Grocery,21,35,25,0
2026-05-01,T00121,P003,Milk 1L,Dairy,10,85,70,0
2026-05-01,T00112,P004,Basmati Rice 5kg,Grocery,3,420,360,0
2026-05-01,T00117,P005,Potato Chips 100g,Snacks,8,50,35,0
2026-05-01,T00121,P006,Bread,Bakery,16,55,40,0
2026-05-01,T00121,P007,Pepsi 500ml,Beverage,11,60,45,0
2026-05-02,T00122,P001,Coca Cola 500ml,Beverage,16,60,45,0
2026-05-02,T00122,P002,Wai Wai Noodles,Grocery,30,35,25,2
2026-05-02,T00122,P003,Milk 1L,Dairy,16,85,70,5
2026-05-02,T00113,P004,Basmati Rice 5kg,Grocery,3,420,360,0
2026-05-02,T00118,P005,Potato Chips 100g,Snacks,9,50,35,0
2026-05-02,T00122,P006,Bread,Bakery,19,55,40,0
2026-05-02,T00122,P007,Pepsi 500ml,Beverage,11,60,45,0
2026-05-03,T00123,P001,Coca Cola 500ml,Beverage,15,60,45,0
2026-05-03,T00123,P002,Wai Wai Noodles,Grocery,14,35,25,0
2026-05-03,T00123,P003,Milk 1L,Dairy,16,85,70,0
2026-05-03,T00114,P004,Basmati Rice 5kg,Grocery,2,420,360,0
2026-05-03,T00119,P005,Potato Chips 100g,Snacks,6,50,35,0
2026-05-03,T00123,P006,Bread,Bakery,17,55,40,0
2026-05-03,T00123,P007,Pepsi 500ml,Beverage,9,60,45,0
2026-05-04,T00124,P001,Coca Cola 500ml,Beverage,20,60,45,0
2026-05-04,T00124,P002,Wai Wai Noodles,Grocery,20,35,25,0
2026-05-04,T00124,P003,Milk 1L,Dairy,10,85,70,0
2026-05-04,T00115,P004,Basmati Rice 5kg,Grocery,2,420,360,0
2026-05-04,T00120,P005,Potato Chips 100g,Snacks,10,50,35,0
2026-05-04,T00124,P006,Bread,Bakery,17,55,40,0
2026-05-04,T00124,P007,Pepsi 500ml,Beverage,13,60,45,4
2026-05-05,T00125,P001,Coca Cola 500ml,Beverage,13,60,45,0
2026-05-05,T00125,P002,Wai Wai Noodles,Grocery,22,35,25,0
2026-05-05,T00125,P003,Milk 1L,Dairy,10,85,70,0
2026-05-05,T00116,P004,Basmati Rice 5kg,Grocery,6,420,360,0
2026-05-05,T00121,P005,Potato Chips 100g,Snacks,7,50,35,0
2026-05-05,T00125,P006,Bread,Bakery,11,55,40,3
2026-05-05,T00125,P007,Pepsi 500ml,Beverage,9,60,45,0
2026-05-06,T00126,P001,Coca Cola 500ml,Beverage,11,60,45,0
2026-05-06,T00126,P002,Wai Wai Noodles,Grocery,16,35,25,0
2026-05-06,T00126,P003,Milk 1L,Dairy,14,85,70,0
2026-05-06,T00117,P004,Basmati Rice 5kg,Grocery,6,420,360,0
2026-05-06,T00122,P005,Potato Chips 100g,Snacks,11,50,35,0
2026-05-06,T00126,P006,Bread,Bakery,11,55,40,0
2026-05-06,T00126,P007,Pepsi 500ml,Beverage,18,60,45,0
2026-05-07,T00127,P001,Coca Cola 500ml,Beverage,16,60,45,3
2026-05-07,T00127,P002,Wai Wai Noodles,Grocery,15,35,25,0
2026-05-07,T00127,P003,Milk 1L,Dairy,21,85,70,0
2026-05-07,T00118,P004,Basmati Rice 5kg,Grocery,6,420,360,0
2026-05-07,T00123,P005,Potato Chips 100g,Snacks,13,50,35,0
2026-05-07,T00127,P006,Bread,Bakery,6,55,40,0
2026-05-07,T00127,P007,Pepsi 500ml,Beverage,9,60,45,4
2026-05-08,T00128,P001,Coca Cola 500ml,Beverage,15,60,45,0
2026-05-08,T00128,P002,Wai Wai Noodles,Grocery,26,35,25,0
2026-05-08,T00128,P003,Milk 1L,Dairy,18,85,70,0
2026-05-08,T00119,P004,Basmati Rice 5kg,Grocery,2,420,360,0
2026-05-08,T00124,P005,Potato Chips 100g,Snacks,9,50,35,0
2026-05-08,T00128,P006,Bread,Bakery,15,55,40,0
2026-05-08,T00128,P007,Pepsi 500ml,Beverage,15,60,45,0
2026-05-09,T00129,P001,Coca Cola 500ml,Beverage,22,60,45,0
2026-05-09,T00129,P002,Wai Wai Noodles,Grocery,25,35,25,0
2026-05-09,T00129,P003,Milk 1L,Dairy,6,85,70,6
2026-05-09,T00120,P004,Basmati Rice 5kg,Grocery,4,420,360,0
2026-05-09,T00125,P005,Potato Chips 100g,Snacks,15,50,35,0
2026-05-09,T00129,P006,Bread,Bakery,16,55,40,0
2026-05-09,T00129,P007,Pepsi 500ml,Beverage,6,60,45,3
2026-05-10,T00130,P001,Coca Cola 500ml,Beverage,20,60,45,0
2026-05-10,T00130,P002,Wai Wai Noodles,Grocery,10,35,25,0
2026-05-10,T00130,P003,Milk 1L,Dairy,10,85,70,0
2026-05-10,T00121,P004,Basmati Rice 5kg,Grocery,5,420,360,0
2026-05-10,T00126,P005,Potato Chips 100g,Snacks,16,50,35,0
2026-05-10,T00130,P006,Bread,Bakery,14,55,40,0
2026-05-10,T00130,P007,Pepsi 500ml,Beverage,8,60,45,0
2026-05-11,T00131,P001,Coca Cola 500ml,Beverage,8,60,45,0
2026-05-11,T00131,P002,Wai Wai Noodles,Grocery,24,35,25,0
2026-05-11,T00131,P003,Milk 1L,Dairy,8,85,70,0
2026-05-11,T00122,P004,Basmati Rice 5kg,Grocery,4,420,360,0
2026-05-11,T00127,P005,Potato Chips 100g,Snacks,12,50,35,0
2026-05-11,T00131,P006,Bread,Bakery,11,55,40,0
2026-05-11,T00131,P007,Pepsi 500ml,Beverage,10,60,45,0
2026-05-12,T00132,P001,Coca Cola 500ml,Beverage,9,60,45,0
2026-05-12,T00132,P002,Wai Wai Noodles,Grocery,18,35,25,0
2026-05-12,T00132,P003,Milk 1L,Dairy,9,85,70,0
2026-05-12,T00123,P004,Basmati Rice 5kg,Grocery,3,420,360,0
2026-05-12,T00128,P005,Potato Chips 100g,Snacks,10,50,35,0
2026-05-12,T00132,P006,Bread,Bakery,17,55,40,0
2026-05-12,T00132,P007,Pepsi 500ml,Beverage,5,60,45,0
2026-05-13,T00133,P001,Coca Cola 500ml,Beverage,36,60,45,0
2026-05-13,T00133,P002,Wai Wai Noodles,Grocery,12,35,25,0
2026-05-13,T00133,P003,Milk 1L,Dairy,8,85,70,0
2026-05-13,T00124,P004,Basmati Rice 5kg,Grocery,3,420,360,0
2026-05-13,T00129,P005,Potato Chips 100g,Snacks,7,50,35,0
2026-05-13,T00133,P006,Bread,Bakery,8,55,40,0
2026-05-13,T00133,P007,Pepsi 500ml,Beverage,9,60,45,5
2026-05-14,T00134,P001,Coca Cola 500ml,Beverage,28,60,45,0
2026-05-14,T00134,P002,Wai Wai Noodles,Grocery,17,35,25,0
2026-05-14,T00134,P003,Milk 1L,Dairy,4,85,70,0
2026-05-14,T00125,P004,Basmati Rice 5kg,Grocery,5,420,360,0
2026-05-14,T00130,P005,Potato Chips 100g,Snacks,11,50,35,0
2026-05-14,T00134,P006,Bread,Bakery,11,55,40,0
2026-05-14,T00134,P007,Pepsi 500ml,Beverage,9,60,45,4
2026-05-15,T00135,P001,Coca Cola 500ml,Beverage,17,60,45,0
2026-05-15,T00135,P002,Wai Wai Noodles,Grocery,30,35,25,2
2026-05-15,T00135,P003,Milk 1L,Dairy,7,85,70,0
2026-05-15,T00126,P004,Basmati Rice 5kg,Grocery,9,420,360,0
2026-05-15,T00131,P005,Potato Chips 100g,Snacks,15,50,35,0
2026-05-15,T00135,P006,Bread,Bakery,20,55,40,0
2026-05-15,T00135,P007,Pepsi 500ml,Beverage,10,60,45,0
2026-05-16,T00136,P001,Coca Cola 500ml,Beverage,22,60,45,0
2026-05-16,T00136,P002,Wai Wai Noodles,Grocery,18,35,25,0
2026-05-16,T00136,P003,Milk 1L,Dairy,12,85,70,0
2026-05-16,T00127,P004,Basmati Rice 5kg,Grocery,2,420,360,0
2026-05-16,T00132,P005,Potato Chips 100g,Snacks,10,50,35,0
2026-05-16,T00136,P006,Bread,Bakery,6,55,40,0
2026-05-16,T00136,P007,Pepsi 500ml,Beverage,12,60,45,0
2026-05-17,T00137,P001,Coca Cola 500ml,Beverage,16,60,45,0
2026-05-17,T00137,P002,Wai Wai Noodles,Grocery,22,35,25,0
2026-05-17,T00137,P003,Milk 1L,Dairy,12,85,70,0
2026-05-17,T00128,P004,Basmati Rice 5kg,Grocery,4,420,360,0
2026-05-17,T00133,P005,Potato Chips 100g,Snacks,10,50,35,0
2026-05-17,T00137,P006,Bread,Bakery,7,55,40,0
2026-05-17,T00137,P007,Pepsi 500ml,Beverage,11,60,45,0
2026-05-18,T00138,P001,Coca Cola 500ml,Beverage,11,60,45,0
2026-05-18,T00138,P002,Wai Wai Noodles,Grocery,19,35,25,0
2026-05-18,T00138,P003,Milk 1L,Dairy,12,85,70,0
2026-05-18,T00129,P004,Basmati Rice 5kg,Grocery,2,420,360,0
2026-05-18,T00134,P005,Potato Chips 100g,Snacks,14,50,35,0
2026-05-18,T00138,P006,Bread,Bakery,13,55,40,0
2026-05-18,T00138,P007,Pepsi 500ml,Beverage,8,60,45,2
2026-05-19,T00139,P001,Coca Cola 500ml,Beverage,8,60,45,0
2026-05-19,T00139,P002,Wai Wai Noodles,Grocery,21,35,25,0
2026-05-19,T00139,P003,Milk 1L,Dairy,8,85,70,0
2026-05-19,T00130,P004,Basmati Rice 5kg,Grocery,4,420,360,0
2026-05-19,T00135,P005,Potato Chips 100g,Snacks,7,50,35,0
2026-05-19,T00139,P006,Bread,Bakery,14,55,40,0
2026-05-19,T00139,P007,Pepsi 500ml,Beverage,12,60,45,0
2026-05-20,T00140,P001,Coca Cola 500ml,Beverage,17,60,45,0
2026-05-20,T00140,P002,Wai Wai Noodles,Grocery,23,35,25,0
2026-05-20,T00140,P003,Milk 1L,Dairy,12,85,70,0
2026-05-20,T00131,P004,Basmati Rice 5kg,Grocery,6,420,360,0
2026-05-20,T00136,P005,Potato Chips 100g,Snacks,9,50,35,0
2026-05-20,T00140,P006,Bread,Bakery,14,55,40,0
2026-05-20,T00140,P007,Pepsi 500ml,Beverage,8,60,45,0
2026-05-21,T00141,P001,Coca Cola 500ml,Beverage,5,60,45,0
2026-05-21,T00141,P002,Wai Wai Noodles,Grocery,25,35,25,0
2026-05-21,T00141,P003,Milk 1L,Dairy,10,85,70,0
2026-05-21,T00132,P004,Basmati Rice 5kg,Grocery,6,420,360,0
2026-05-21,T00137,P005,Potato Chips 100g,Snacks,12,50,35,0
2026-05-21,T00141,P006,Bread,Bakery,18,55,40,0
2026-05-21,T00141,P007,Pepsi 500ml,Beverage,5,60,45,0
2026-05-22,T00142,P001,Coca Cola 500ml,Beverage,8,60,45,0
2026-05-22,T00142,P002,Wai Wai Noodles,Grocery,42,35,25,0
2026-05-22,T00142,P003,Milk 1L,Dairy,10,85,70,0
2026-05-22,T00133,P004,Basmati Rice 5kg,Grocery,6,420,360,0
2026-05-22,T00138,P005,Potato Chips 100g,Snacks,9,50,35,0
2026-05-22,T00142,P006,Bread,Bakery,19,55,40,0
2026-05-22,T00142,P007,Pepsi 500ml,Beverage,14,60,45,0
2026-05-23,T00143,P001,Coca Cola 500ml,Beverage,19,60,45,0
2026-05-23,T00143,P002,Wai Wai Noodles,Grocery,27,35,25,0
2026-05-23,T00143,P003,Milk 1L,Dairy,9,85,70,0
2026-05-23,T00134,P004,Basmati Rice 5kg,Grocery,6,420,360,0
2026-05-23,T00139,P005,Potato Chips 100g,Snacks,6,50,35,0
2026-05-23,T00143,P006,Bread,Bakery,14,55,40,0
2026-05-23,T00143,P007,Pepsi 500ml,Beverage,14,60,45,0
2026-05-24,T00144,P001,Coca Cola 500ml,Beverage,17,60,45,0
2026-05-24,T00144,P002,Wai Wai Noodles,Grocery,11,35,25,0
2026-05-24,T00144,P003,Milk 1L,Dairy,16,85,70,0
2026-05-24,T00135,P004,Basmati Rice 5kg,Grocery,4,420,360,0
2026-05-24,T00140,P005,Potato Chips 100g,Snacks,9,50,35,0
2026-05-24,T00144,P006,Bread,Bakery,10,55,40,5
2026-05-24,T00144,P007,Pepsi 500ml,Beverage,10,60,45,0
2026-05-25,T00145,P001,Coca Cola 500ml,Beverage,18,60,45,0
2026-05-25,T00145,P002,Wai Wai Noodles,Grocery,22,35,25,0
2026-05-25,T00145,P003,Milk 1L,Dairy,6,85,70,0
2026-05-25,T00136,P004,Basmati Rice 5kg,Grocery,4,420,360,0
2026-05-25,T00141,P005,Potato Chips 100g,Snacks,9,50,35,0
2026-05-25,T00145,P006,Bread,Bakery,10,55,40,0
2026-05-25,T00145,P007,Pepsi 500ml,Beverage,6,60,45,0
2026-05-26,T00146,P001,Coca Cola 500ml,Beverage,11,60,45,0
2026-05-26,T00146,P002,Wai Wai Noodles,Grocery,20,35,25,0
2026-05-26,T00146,P003,Milk 1L,Dairy,9,85,70,0
2026-05-26,T00137,P004,Basmati Rice 5kg,Grocery,3,420,360,0
2026-05-26,T00142,P005,Potato Chips 100g,Snacks,11,50,35,0
2026-05-26,T00146,P006,Bread,Bakery,8,55,40,0
2026-05-26,T00146,P007,Pepsi 500ml,Beverage,9,60,45,0
2026-05-27,T00147,P001,Coca Cola 500ml,Beverage,12,60,45,0
2026-05-27,T00147,P002,Wai Wai Noodles,Grocery,16,35,25,0
2026-05-27,T00147,P003,Milk 1L,Dairy,8,85,70,0
2026-05-27,T00138,P004,Basmati Rice 5kg,Grocery,4,420,360,0
2026-05-27,T00147,P006,Bread,Bakery,12,55,40,0
2026-05-27,T00147,P007,Pepsi 500ml,Beverage,11,60,45,4
2026-05-28,T00148,P001,Coca Cola 500ml,Beverage,11,60,45,0
2026-05-28,T00148,P002,Wai Wai Noodles,Grocery,21,35,25,0
2026-05-28,T00148,P003,Milk 1L,Dairy,9,85,70,0
2026-05-28,T00139,P004,Basmati Rice 5kg,Grocery,3,420,360,0
2026-05-28,T00143,P005,Potato Chips 100g,Snacks,4,50,35,0
2026-05-28,T00148,P006,Bread,Bakery,10,55,40,0
2026-05-28,T00148,P007,Pepsi 500ml,Beverage,9,60,45,0
2026-05-29,T00149,P001,Coca Cola 500ml,Beverage,18,60,45,0
2026-05-29,T00149,P002,Wai Wai Noodles,Grocery,18,35,25,1
2026-05-29,T00149,P003,Milk 1L,Dairy,9,85,70,0
2026-05-29,T00140,P004,Basmati Rice 5kg,Grocery,1,420,360,0
2026-05-29,T00144,P005,Potato Chips 100g,Snacks,14,50,35,0
2026-05-29,T00149,P006,Bread,Bakery,16,55,40,0
2026-05-29,T00149,P007,Pepsi 500ml,Beverage,9,60,45,0
2026-05-30,T00150,P001,Coca Cola 500ml,Beverage,11,60,45,2
2026-05-30,T00150,P002,Wai Wai Noodles,Grocery,26,35,25,0
2026-05-30,T00150,P003,Milk 1L,Dairy,13,85,70,0
2026-05-30,T00141,P004,Basmati Rice 5kg,Grocery,1,420,360,0
2026-05-30,T00145,P005,Potato Chips 100g,Snacks,13,50,35,4
2026-05-30,T00150,P006,Bread,Bakery,15,55,40,0
2026-05-30,T00150,P007,Pepsi 500ml,Beverage,13,60,45,0
2026-05-31,T00151,P001,Coca Cola 500ml,Beverage,33,60,45,0
2026-05-31,T00151,P002,Wai Wai Noodles,Grocery,19,35,25,0
2026-05-31,T00151,P003,Milk 1L,Dairy,20,85,70,0
2026-05-31,T00146,P005,Potato Chips 100g,Snacks,11,50,35,0
2026-05-31,T00151,P006,Bread,Bakery,11,55,40,0
2026-05-31,T00151,P007,Pepsi 500ml,Beverage,13,60,45,2
2026-06-01,T00152,P001,Coca Cola 500ml,Beverage,16,60,45,0
2026-06-01,T00152,P002,Wai Wai Noodles,Grocery,16,35,25,0
2026-06-01,T00152,P003,Milk 1L,Dairy,10,85,70,0
2026-06-01,T00142,P004,Basmati Rice 5kg,Grocery,6,420,360,0
2026-06-01,T00147,P005,Potato Chips 100g,Snacks,8,50,35,0
2026-06-01,T00152,P006,Bread,Bakery,10,55,40,0
2026-06-01,T00152,P007,Pepsi 500ml,Beverage,8,60,45,5
2026-06-02,T00153,P001,Coca Cola 500ml,Beverage,10,60,45,0
2026-06-02,T00153,P002,Wai Wai Noodles,Grocery,21,35,25,0
2026-06-02,T00153,P003,Milk 1L,Dairy,8,85,70,0
2026-06-02,T00153,P006,Bread,Bakery,6,55,40,0
2026-06-02,T00153,P007,Pepsi 500ml,Beverage,7,60,45,0
2026-06-03,T00154,P001,Coca Cola 500ml,Beverage,16,60,45,0
2026-06-03,T00154,P002,Wai Wai Noodles,Grocery,24,35,25,0
2026-06-03,T00154,P003,Milk 1L,Dairy,8,85,70,0
2026-06-03,T00143,P004,Basmati Rice 5kg,Grocery,5,420,360,0
2026-06-03,T00148,P005,Potato Chips 100g,Snacks,5,50,35,0
2026-06-03,T00154,P006,Bread,Bakery,12,55,40,0
2026-06-03,T00154,P007,Pepsi 500ml,Beverage,8,60,45,0
2026-06-04,T00155,P001,Coca Cola 500ml,Beverage,10,60,45,0
2026-06-04,T00155,P002,Wai Wai Noodles,Grocery,17,35,25,0
2026-06-04,T00155,P003,Milk 1L,Dairy,13,85,70,0
2026-06-04,T00144,P004,Basmati Rice 5kg,Grocery,3,420,360,0
2026-06-04,T00149,P005,Potato Chips 100g,Snacks,5,50,35,0
2026-06-04,T00155,P006,Bread,Bakery,10,55,40,2
2026-06-04,T00155,P007,Pepsi 500ml,Beverage,7,60,45,0
2026-06-05,T00156,P001,Coca Cola 500ml,Beverage,14,60,45,0
2026-06-05,T00156,P002,Wai Wai Noodles,Grocery,20,35,25,0
2026-06-05,T00156,P003,Milk 1L,Dairy,11,85,70,0
2026-06-05,T00145,P004,Basmati Rice 5kg,Grocery,7,420,360,0
2026-06-05,T00150,P005,Potato Chips 100g,Snacks,8,50,35,0
2026-06-05,T00156,P006,Bread,Bakery,8,55,40,0
2026-06-05,T00156,P007,Pepsi 500ml,Beverage,11,60,45,0
2026-06-06,T00157,P001,Coca Cola 500ml,Beverage,16,60,45,0
2026-06-06,T00157,P002,Wai Wai Noodles,Grocery,18,35,25,3
2026-06-06,T00157,P003,Milk 1L,Dairy,7,85,70,2
2026-06-06,T00146,P004,Basmati Rice 5kg,Grocery,6,420,360,0
2026-06-06,T00151,P005,Potato Chips 100g,Snacks,9,50,35,0
2026-06-06,T00157,P006,Bread,Bakery,15,55,40,0
2026-06-06,T00157,P007,Pepsi 500ml,Beverage,16,60,45,0
2026-06-07,T00158,P001,Coca Cola 500ml,Beverage,18,60,45,0
2026-06-07,T00158,P002,Wai Wai Noodles,Grocery,16,35,25,0
2026-06-07,T00158,P003,Milk 1L,Dairy,10,85,70,0
2026-06-07,T00147,P004,Basmati Rice 5kg,Grocery,3,420,360,0
2026-06-07,T00152,P005,Potato Chips 100g,Snacks,10,50,35,0
2026-06-07,T00158,P006,Bread,Bakery,11,55,40,0
2026-06-07,T00158,P007,Pepsi 500ml,Beverage,9,60,45,2
2026-06-08,T00159,P001,Coca Cola 500ml,Beverage,13,60,45,5
2026-06-08,T00159,P002,Wai Wai Noodles,Grocery,22,35,25,0
2026-06-08,T00159,P003,Milk 1L,Dairy,5,85,70,0
2026-06-08,T00148,P004,Basmati Rice 5kg,Grocery,1,420,360,0
2026-06-08,T00153,P005,Potato Chips 100g,Snacks,7,50,35,0
2026-06-08,T00159,P006,Bread,Bakery,7,55,40,0
2026-06-08,T00159,P007,Pepsi 500ml,Beverage,5,60,45,0
2026-06-09,T00160,P001,Coca Cola 500ml,Beverage,6,60,45,0
2026-06-09,T00160,P002,Wai Wai Noodles,Grocery,22,35,25,0
2026-06-09,T00160,P003,Milk 1L,Dairy,9,85,70,0
2026-06-09,T00149,P004,Basmati Rice 5kg,Grocery,3,420,360,0
2026-06-09,T00154,P005,Potato Chips 100g,Snacks,5,50,35,2
2026-06-09,T00160,P006,Bread,Bakery,2,55,40,0
2026-06-09,T00160,P007,Pepsi 500ml,Beverage,11,60,45,0
2026-06-10,T00161,P001,Coca Cola 500ml,Beverage,5,60,45,0
2026-06-10,T00161,P002,Wai Wai Noodles,Grocery,30,35,25,0
2026-06-10,T00161,P003,Milk 1L,Dairy,8,85,70,0
2026-06-10,T00150,P004,Basmati Rice 5kg,Grocery,6,420,360,0
2026-06-10,T00155,P005,Potato Chips 100g,Snacks,5,50,35,0
2026-06-10,T00161,P006,Bread,Bakery,14,55,40,0
2026-06-10,T00161,P007,Pepsi 500ml,Beverage,12,60,45,0
2026-06-11,T00162,P001,Coca Cola 500ml,Beverage,15,60,45,0
2026-06-11,T00162,P002,Wai Wai Noodles,Grocery,14,35,25,0
2026-06-11,T00162,P003,Milk 1L,Dairy,15,85,70,0
2026-06-11,T00156,P005,Potato Chips 100g,Snacks,11,50,35,0
2026-06-11,T00162,P006,Bread,Bakery,9,55,40,0
2026-06-11,T00162,P007,Pepsi 500ml,Beverage,21,60,45,0
2026-06-12,T00163,P001,Coca Cola 500ml,Beverage,15,60,45,0
2026-06-12,T00163,P002,Wai Wai Noodles,Grocery,22,35,25,0
2026-06-12,T00163,P003,Milk 1L,Dairy,11,85,70,0
2026-06-12,T00151,P004,Basmati Rice 5kg,Grocery,3,420,360,0
2026-06-12,T00157,P005,Potato Chips 100g,Snacks,9,50,35,0
2026-06-12,T00163,P006,Bread,Bakery,13,55,40,0
2026-06-12,T00163,P007,Pepsi 500ml,Beverage,16,60,45,0
2026-06-13,T00164,P001,Coca Cola 500ml,Beverage,16,60,45,0
2026-06-13,T00164,P002,Wai Wai Noodles,Grocery,23,35,25,0
2026-06-13,T00164,P003,Milk 1L,Dairy,13,85,70,0
2026-06-13,T00152,P004,Basmati Rice 5kg,Grocery,4,420,360,31
2026-06-13,T00158,P005,Potato Chips 100g,Snacks,6,50,35,0
2026-06-13,T00164,P006,Bread,Bakery,19,55,40,0
2026-06-13,T00164,P007,Pepsi 500ml,Beverage,16,60,45,0
2026-06-14,T00165,P001,Coca Cola 500ml,Beverage,19,60,45,0
2026-06-14,T00165,P002,Wai Wai Noodles,Grocery,24,35,25,0
2026-06-14,T00165,P003,Milk 1L,Dairy,15,85,70,0
2026-06-14,T00153,P004,Basmati Rice 5kg,Grocery,1,420,360,0
2026-06-14,T00159,P005,Potato Chips 100g,Snacks,9,50,35,2
2026-06-14,T00165,P006,Bread,Bakery,16,55,40,0
2026-06-14,T00165,P007,Pepsi 500ml,Beverage,18,60,45,0
2026-06-15,T00166,P001,Coca Cola 500ml,Beverage,13,60,45,0
2026-06-15,T00166,P002,Wai Wai Noodles,Grocery,12,35,25,0
2026-06-15,T00166,P003,Milk 1L,Dairy,10,85,70,0
2026-06-15,T00154,P004,Basmati Rice 5kg,Grocery,10,420,360,0
2026-06-15,T00160,P005,Potato Chips 100g,Snacks,7,50,35,2
2026-06-15,T00166,P006,Bread,Bakery,10,55,40,0
2026-06-15,T00166,P007,Pepsi 500ml,Beverage,8,60,45,0
2026-06-16,T00167,P001,Coca Cola 500ml,Beverage,20,60,45,0
2026-06-16,T00167,P002,Wai Wai Noodles,Grocery,21,35,25,0
2026-06-16,T00167,P003,Milk 1L,Dairy,8,85,70,0
2026-06-16,T00155,P004,Basmati Rice 5kg,Grocery,2,420,360,0
2026-06-16,T00161,P005,Potato Chips 100g,Snacks,4,50,35,0
2026-06-16,T00167,P006,Bread,Bakery,11,55,40,0
2026-06-16,T00167,P007,Pepsi 500ml,Beverage,9,60,45,0
2026-06-17,T00168,P001,Coca Cola 500ml,Beverage,8,60,45,0
2026-06-17,T00168,P002,Wai Wai Noodles,Grocery,20,35,25,0
2026-06-17,T00168,P003,Milk 1L,Dairy,3,85,70,0
2026-06-17,T00156,P004,Basmati Rice 5kg,Grocery,5,420,360,0
2026-06-17,T00162,P005,Potato Chips 100g,Snacks,9,50,35,0
2026-06-17,T00168,P006,Bread,Bakery,9,55,40,0
2026-06-17,T00168,P007,Pepsi 500ml,Beverage,14,60,45,0
2026-06-18,T00169,P001,Coca Cola 500ml,Beverage,14,60,45,0
2026-06-18,T00169,P002,Wai Wai Noodles,Grocery,19,35,25,1
2026-06-18,T00169,P003,Milk 1L,Dairy,9,85,70,0
2026-06-18,T00157,P004,Basmati Rice 5kg,Grocery,7,420,360,0
2026-06-18,T00163,P005,Potato Chips 100g,Snacks,3,50,35,0
2026-06-18,T00169,P006,Bread,Bakery,10,55,40,0
2026-06-18,T00169,P007,Pepsi 500ml,Beverage,10,60,45,0
2026-06-19,T00170,P001,Coca Cola 500ml,Beverage,21,60,45,0
2026-06-19,T00170,P002,Wai Wai Noodles,Grocery,21,35,25,0
2026-06-19,T00170,P003,Milk 1L,Dairy,16,85,70,0
2026-06-19,T00158,P004,Basmati Rice 5kg,Grocery,4,420,360,0
2026-06-19,T00164,P005,Potato Chips 100g,Snacks,9,50,35,0
2026-06-19,T00170,P006,Bread,Bakery,14,55,40,0
2026-06-19,T00170,P007,Pepsi 500ml,Beverage,16,60,45,0
2026-06-20,T00171,P001,Coca Cola 500ml,Beverage,21,60,45,0
2026-06-20,T00171,P002,Wai Wai Noodles,Grocery,26,35,25,0
2026-06-20,T00171,P003,Milk 1L,Dairy,11,85,70,0
2026-06-20,T00159,P004,Basmati Rice 5kg,Grocery,7,420,360,38
2026-06-20,T00165,P005,Potato Chips 100g,Snacks,13,50,35,0
2026-06-20,T00171,P006,Bread,Bakery,8,55,40,0
2026-06-20,T00171,P007,Pepsi 500ml,Beverage,7,60,45,0
2026-06-21,T00172,P001,Coca Cola 500ml,Beverage,13,60,45,0
2026-06-21,T00172,P002,Wai Wai Noodles,Grocery,13,35,25,0
2026-06-21,T00172,P003,Milk 1L,Dairy,14,85,70,0
2026-06-21,T00160,P004,Basmati Rice 5kg,Grocery,2,420,360,0
2026-06-21,T00166,P005,Potato Chips 100g,Snacks,11,50,35,0
2026-06-21,T00172,P006,Bread,Bakery,11,55,40,4
2026-06-21,T00172,P007,Pepsi 500ml,Beverage,8,60,45,0
2026-06-22,T00173,P001,Coca Cola 500ml,Beverage,14,60,45,0
2026-06-22,T00173,P002,Wai Wai Noodles,Grocery,25,35,25,0
2026-06-22,T00173,P003,Milk 1L,Dairy,5,85,70,0
2026-06-22,T00161,P004,Basmati Rice 5kg,Grocery,7,420,360,0
2026-06-22,T00167,P005,Potato Chips 100g,Snacks,4,50,35,0
2026-06-22,T00173,P006,Bread,Bakery,10,55,40,0
2026-06-22,T00173,P007,Pepsi 500ml,Beverage,8,60,45,0
2026-06-23,T00174,P001,Coca Cola 500ml,Beverage,6,60,45,0
2026-06-23,T00174,P002,Wai Wai Noodles,Grocery,23,35,25,2
2026-06-23,T00174,P003,Milk 1L,Dairy,9,85,70,0
2026-06-23,T00162,P004,Basmati Rice 5kg,Grocery,6,420,360,0
2026-06-23,T00174,P006,Bread,Bakery,12,55,40,0
2026-06-23,T00174,P007,Pepsi 500ml,Beverage,11,60,45,0
2026-06-24,T00175,P001,Coca Cola 500ml,Beverage,25,60,45,0
2026-06-24,T00175,P002,Wai Wai Noodles,Grocery,24,35,25,3
2026-06-24,T00175,P003,Milk 1L,Dairy,13,85,70,0
2026-06-24,T00163,P004,Basmati Rice 5kg,Grocery,2,420,360,0
2026-06-24,T00168,P005,Potato Chips 100g,Snacks,8,50,35,0
2026-06-24,T00175,P006,Bread,Bakery,6,55,40,0
2026-06-24,T00175,P007,Pepsi 500ml,Beverage,12,60,45,0
2026-06-25,T00176,P001,Coca Cola 500ml,Beverage,18,60,45,0
2026-06-25,T00176,P002,Wai Wai Noodles,Grocery,19,35,25,0
2026-06-25,T00176,P003,Milk 1L,Dairy,9,85,70,0
2026-06-25,T00164,P004,Basmati Rice 5kg,Grocery,5,420,360,0
2026-06-25,T00169,P005,Potato Chips 100g,Snacks,8,50,35,0
2026-06-25,T00176,P006,Bread,Bakery,8,55,40,0
2026-06-25,T00176,P007,Pepsi 500ml,Beverage,6,60,45,0
2026-06-26,T00177,P001,Coca Cola 500ml,Beverage,18,60,45,0
2026-06-26,T00177,P002,Wai Wai Noodles,Grocery,14,35,25,0
2026-06-26,T00177,P003,Milk 1L,Dairy,11,85,70,0
2026-06-26,T00165,P004,Basmati Rice 5kg,Grocery,2,420,360,0
2026-06-26,T00170,P005,Potato Chips 100g,Snacks,7,50,35,0
2026-06-26,T00177,P006,Bread,Bakery,12,55,40,0
2026-06-26,T00177,P007,Pepsi 500ml,Beverage,10,60,45,0
2026-06-27,T00178,P001,Coca Cola 500ml,Beverage,21,60,45,0
2026-06-27,T00178,P002,Wai Wai Noodles,Grocery,15,35,25,0
2026-06-27,T00178,P003,Milk 1L,Dairy,9,85,70,4
2026-06-27,T00166,P004,Basmati Rice 5kg,Grocery,3,420,360,0
2026-06-27,T00171,P005,Potato Chips 100g,Snacks,4,50,35,2
2026-06-27,T00178,P006,Bread,Bakery,8,55,40,0
2026-06-27,T00178,P007,Pepsi 500ml,Beverage,16,60,45,0
2026-06-28,T00179,P001,Coca Cola 500ml,Beverage,12,60,45,0
2026-06-28,T00179,P002,Wai Wai Noodles,Grocery,15,35,25,0
2026-06-28,T00179,P003,Milk 1L,Dairy,8,85,70,0
2026-06-28,T00167,P004,Basmati Rice 5kg,Grocery,3,420,360,0
2026-06-28,T00172,P005,Potato Chips 100g,Snacks,11,50,35,1
2026-06-28,T00179,P006,Bread,Bakery,11,55,40,0
2026-06-28,T00179,P007,Pepsi 500ml,Beverage,7,60,45,0
2026-06-29,T00180,P001,Coca Cola 500ml,Beverage,25,60,45,0
2026-06-29,T00180,P002,Wai Wai Noodles,Grocery,26,35,25,0
2026-06-29,T00180,P003,Milk 1L,Dairy,9,85,70,0
2026-06-29,T00168,P004,Basmati Rice 5kg,Grocery,4,420,360,20
2026-06-29,T00173,P005,Potato Chips 100g,Snacks,5,50,35,0
2026-06-29,T00180,P006,Bread,Bakery,7,55,40,0
2026-06-29,T00180,P007,Pepsi 500ml,Beverage,9,60,45,0
2026-06-30,T00181,P001,Coca Cola 500ml,Beverage,15,60,45,0
2026-06-30,T00181,P002,Wai Wai Noodles,Grocery,23,35,25,0
2026-06-30,T00181,P003,Milk 1L,Dairy,6,85,70,0
2026-06-30,T00169,P004,Basmati Rice 5kg,Grocery,5,420,360,0
2026-06-30,T00174,P005,Potato Chips 100g,Snacks,3,50,35,0
2026-06-30,T00181,P006,Bread,Bakery,9,55,40,0
2026-06-30,T00181,P007,Pepsi 500ml,Beverage,7,60,45,0
2026-07-01,T00182,P001,Coca Cola 500ml,Beverage,13,60,45,0
2026-07-01,T00182,P002,Wai Wai Noodles,Grocery,21,35,25,0
2026-07-01,T00182,P003,Milk 1L,Dairy,13,85,70,0
2026-07-01,T00170,P004,Basmati Rice 5kg,Grocery,5,420,360,0
2026-07-01,T00175,P005,Potato Chips 100g,Snacks,7,50,35,0
2026-07-01,T00182,P006,Bread,Bakery,6,55,40,0
2026-07-01,T00182,P007,Pepsi 500ml,Beverage,4,60,45,0
2026-07-02,T00183,P001,Coca Cola 500ml,Beverage,12,60,45,0
2026-07-02,T00183,P002,Wai Wai Noodles,Grocery,22,35,25,2
2026-07-02,T00183,P003,Milk 1L,Dairy,5,85,70,2
2026-07-02,T00171,P004,Basmati Rice 5kg,Grocery,8,420,360,0
2026-07-02,T00176,P005,Potato Chips 100g,Snacks,5,50,35,0
2026-07-02,T00183,P006,Bread,Bakery,7,55,40,0
2026-07-02,T00183,P007,Pepsi 500ml,Beverage,8,60,45,0
2026-07-03,T00184,P001,Coca Cola 500ml,Beverage,18,60,45,0
2026-07-03,T00184,P002,Wai Wai Noodles,Grocery,20,35,25,0
2026-07-03,T00184,P003,Milk 1L,Dairy,5,85,70,0
2026-07-03,T00172,P004,Basmati Rice 5kg,Grocery,3,420,360,0
2026-07-03,T00177,P005,Potato Chips 100g,Snacks,4,50,35,0
2026-07-03,T00184,P006,Bread,Bakery,15,55,40,0
2026-07-03,T00184,P007,Pepsi 500ml,Beverage,11,60,45,2
2026-07-04,T00185,P001,Coca Cola 500ml,Beverage,12,60,45,0
2026-07-04,T00185,P002,Wai Wai Noodles,Grocery,19,35,25,0
2026-07-04,T00185,P003,Milk 1L,Dairy,15,85,70,0
2026-07-04,T00173,P004,Basmati Rice 5kg,Grocery,3,420,360,0
2026-07-04,T00178,P005,Potato Chips 100g,Snacks,11,50,35,0
2026-07-04,T00185,P006,Bread,Bakery,15,55,40,0
2026-07-04,T00185,P007,Pepsi 500ml,Beverage,12,60,45,0
2026-07-05,T00186,P001,Coca Cola 500ml,Beverage,14,60,45,0
2026-07-05,T00186,P002,Wai Wai Noodles,Grocery,17,35,25,0
2026-07-05,T00186,P003,Milk 1L,Dairy,7,85,70,0
2026-07-05,T00174,P004,Basmati Rice 5kg,Grocery,6,420,360,0
2026-07-05,T00179,P005,Potato Chips 100g,Snacks,10,50,35,0
2026-07-05,T00186,P006,Bread,Bakery,6,55,40,0
2026-07-05,T00186,P007,Pepsi 500ml,Beverage,13,60,45,0
2026-07-06,T00187,P001,Coca Cola 500ml,Beverage,13,60,45,0
2026-07-06,T00187,P002,Wai Wai Noodles,Grocery,28,35,25,0
2026-07-06,T00187,P003,Milk 1L,Dairy,9,85,70,0
2026-07-06,T00175,P004,Basmati Rice 5kg,Grocery,5,420,360,0
2026-07-06,T00180,P005,Potato Chips 100g,Snacks,9,50,35,0
2026-07-06,T00187,P006,Bread,Bakery,8,55,40,0
2026-07-06,T00187,P007,Pepsi 500ml,Beverage,9,60,45,0
2026-07-07,T00188,P001,Coca Cola 500ml,Beverage,13,60,45,0
2026-07-07,T00188,P002,Wai Wai Noodles,Grocery,15,35,25,2
2026-07-07,T00188,P003,Milk 1L,Dairy,8,85,70,0
2026-07-07,T00176,P004,Basmati Rice 5kg,Grocery,4,420,360,0
2026-07-07,T00181,P005,Potato Chips 100g,Snacks,8,50,35,0
2026-07-07,T00188,P006,Bread,Bakery,12,55,40,0
2026-07-07,T00188,P007,Pepsi 500ml,Beverage,6,60,45,0
2026-07-08,T00189,P001,Coca Cola 500ml,Beverage,16,60,45,0
2026-07-08,T00189,P002,Wai Wai Noodles,Grocery,22,35,25,0
2026-07-08,T00189,P003,Milk 1L,Dairy,13,85,70,2
2026-07-08,T00177,P004,Basmati Rice 5kg,Grocery,3,420,360,0
2026-07-08,T00182,P005,Potato Chips 100g,Snacks,8,50,35,0
2026-07-08,T00189,P006,Bread,Bakery,13,55,40,0
2026-07-08,T00189,P007,Pepsi 500ml,Beverage,9,60,45,0
2026-07-09,T00190,P001,Coca Cola 500ml,Beverage,11,60,45,0
2026-07-09,T00190,P002,Wai Wai Noodles,Grocery,8,35,25,0
2026-07-09,T00190,P003,Milk 1L,Dairy,7,85,70,0
2026-07-09,T00178,P004,Basmati Rice 5kg,Grocery,5,420,360,0
2026-07-09,T00183,P005,Potato Chips 100g,Snacks,4,50,35,3
2026-07-09,T00190,P006,Bread,Bakery,8,55,40,0
2026-07-09,T00190,P007,Pepsi 500ml,Beverage,2,60,45,0
2026-07-10,T00191,P001,Coca Cola 500ml,Beverage,13,60,45,0
2026-07-10,T00191,P002,Wai Wai Noodles,Grocery,21,35,25,0
2026-07-10,T00191,P003,Milk 1L,Dairy,14,85,70,0
2026-07-10,T00179,P004,Basmati Rice 5kg,Grocery,3,420,360,41
2026-07-10,T00184,P005,Potato Chips 100g,Snacks,8,50,35,0
2026-07-10,T00191,P006,Bread,Bakery,12,55,40,0
2026-07-10,T00191,P007,Pepsi 500ml,Beverage,12,60,45,0
2026-07-11,T00192,P001,Coca Cola 500ml,Beverage,15,60,45,0
2026-07-11,T00192,P002,Wai Wai Noodles,Grocery,12,35,25,2
2026-07-11,T00192,P003,Milk 1L,Dairy,6,85,70,0
2026-07-11,T00180,P004,Basmati Rice 5kg,Grocery,4,420,360,0
2026-07-11,T00185,P005,Potato Chips 100g,Snacks,11,50,35,0
2026-07-11,T00192,P006,Bread,Bakery,17,55,40,0
2026-07-11,T00192,P007,Pepsi 500ml,Beverage,13,60,45,0
2026-07-12,T00193,P001,Coca Cola 500ml,Beverage,9,60,45,0
2026-07-12,T00193,P002,Wai Wai Noodles,Grocery,14,35,25,0
2026-07-12,T00193,P003,Milk 1L,Dairy,8,85,70,0
2026-07-12,T00181,P004,Basmati Rice 5kg,Grocery,3,420,360,0
2026-07-12,T00186,P005,Potato Chips 100g,Snacks,7,50,35,0
2026-07-12,T00193,P006,Bread,Bakery,12,55,40,0
2026-07-12,T00193,P007,Pepsi 500ml,Beverage,17,60,45,0
2026-07-13,T00194,P001,Coca Cola 500ml,Beverage,20,60,45,0
2026-07-13,T00194,P002,Wai Wai Noodles,Grocery,24,35,25,0
2026-07-13,T00194,P003,Milk 1L,Dairy,11,85,70,0
2026-07-13,T00182,P004,Basmati Rice 5kg,Grocery,5,420,360,0
2026-07-13,T00187,P005,Potato Chips 100g,Snacks,9,50,35,0
2026-07-13,T00194,P006,Bread,Bakery,12,55,40,0
2026-07-13,T00194,P007,Pepsi 500ml,Beverage,6,60,45,0
2026-07-14,T00195,P001,Coca Cola 500ml,Beverage,17,60,45,0
2026-07-14,T00195,P002,Wai Wai Noodles,Grocery,25,35,25,0
2026-07-14,T00195,P003,Milk 1L,Dairy,10,85,70,0
2026-07-14,T00183,P004,Basmati Rice 5kg,Grocery,5,420,360,0
2026-07-14,T00188,P005,Potato Chips 100g,Snacks,9,50,35,0
2026-07-14,T00195,P006,Bread,Bakery,14,55,40,0
2026-07-14,T00195,P007,Pepsi 500ml,Beverage,12,60,45,0
2026-07-15,T00196,P001,Coca Cola 500ml,Beverage,12,60,45,0
2026-07-15,T00196,P002,Wai Wai Noodles,Grocery,27,35,25,0
2026-07-15,T00196,P003,Milk 1L,Dairy,12,85,70,0
2026-07-15,T00184,P004,Basmati Rice 5kg,Grocery,3,420,360,0
2026-07-15,T00189,P005,Potato Chips 100g,Snacks,10,50,35,0
2026-07-15,T00196,P006,Bread,Bakery,11,55,40,0
2026-07-15,T00196,P007,Pepsi 500ml,Beverage,8,60,45,0
2026-07-16,T00197,P001,Coca Cola 500ml,Beverage,14,60,45,0
2026-07-16,T00197,P002,Wai Wai Noodles,Grocery,21,35,25,0
2026-07-16,T00197,P003,Milk 1L,Dairy,11,85,70,0
2026-07-16,T00185,P004,Basmati Rice 5kg,Grocery,3,420,360,0
2026-07-16,T00190,P005,Potato Chips 100g,Snacks,10,50,35,0
2026-07-16,T00197,P006,Bread,Bakery,13,55,40,0
2026-07-16,T00197,P007,Pepsi 500ml,Beverage,10,60,45,0
2026-07-17,T00198,P001,Coca Cola 500ml,Beverage,13,60,45,0
2026-07-17,T00198,P002,Wai Wai Noodles,Grocery,16,35,25,0
2026-07-17,T00198,P003,Milk 1L,Dairy,10,85,70,0
2026-07-17,T00186,P004,Basmati Rice 5kg,Grocery,4,420,360,0
2026-07-17,T00191,P005,Potato Chips 100g,Snacks,6,50,35,0
2026-07-17,T00198,P006,Bread,Bakery,14,55,40,0
2026-07-17,T00198,P007,Pepsi 500ml,Beverage,13,60,45,0
2026-07-18,T00199,P001,Coca Cola 500ml,Beverage,24,60,45,0
2026-07-18,T00199,P002,Wai Wai Noodles,Grocery,25,35,25,0
2026-07-18,T00199,P003,Milk 1L,Dairy,13,85,70,0
2026-07-18,T00187,P004,Basmati Rice 5kg,Grocery,5,420,360,0
2026-07-18,T00192,P005,Potato Chips 100g,Snacks,8,50,35,3
2026-07-18,T00199,P006,Bread,Bakery,15,55,40,0
2026-07-18,T00199,P007,Pepsi 500ml,Beverage,12,60,45,0
2026-07-19,T00200,P001,Coca Cola 500ml,Beverage,14,60,45,0
2026-07-19,T00200,P002,Wai Wai Noodles,Grocery,19,35,25,0
2026-07-19,T00200,P003,Milk 1L,Dairy,9,85,70,0
2026-07-19,T00188,P004,Basmati Rice 5kg,Grocery,5,420,360,0
2026-07-19,T00193,P005,Potato Chips 100g,Snacks,12,50,35,0
2026-07-19,T00200,P006,Bread,Bakery,9,55,40,0
2026-07-19,T00200,P007,Pepsi 500ml,Beverage,37,60,45,4
2026-07-20,T00201,P001,Coca Cola 500ml,Beverage,13,60,45,0
2026-07-20,T00201,P002,Wai Wai Noodles,Grocery,28,35,25,0
2026-07-20,T00201,P003,Milk 1L,Dairy,13,85,70,0
2026-07-20,T00189,P004,Basmati Rice 5kg,Grocery,6,420,360,0
2026-07-20,T00194,P005,Potato Chips 100g,Snacks,7,50,35,0
2026-07-20,T00201,P006,Bread,Bakery,12,55,40,0
2026-07-20,T00201,P007,Pepsi 500ml,Beverage,7,60,45,0
2026-07-21,T00202,P001,Coca Cola 500ml,Beverage,16,60,45,0
2026-07-21,T00202,P002,Wai Wai Noodles,Grocery,17,35,25,0
2026-07-21,T00202,P003,Milk 1L,Dairy,5,85,70,0
2026-07-21,T00190,P004,Basmati Rice 5kg,Grocery,6,420,360,0
2026-07-21,T00195,P005,Potato Chips 100g,Snacks,6,50,35,0
2026-07-21,T00202,P006,Bread,Bakery,11,55,40,0
2026-07-21,T00202,P007,Pepsi 500ml,Beverage,8,60,45,0
2026-07-22,T00203,P001,Coca Cola 500ml,Beverage,11,60,45,0
2026-07-22,T00203,P002,Wai Wai Noodles,Grocery,14,35,25,0
2026-07-22,T00203,P003,Milk 1L,Dairy,6,85,70,0
2026-07-22,T00191,P004,Basmati Rice 5kg,Grocery,1,420,360,0
2026-07-22,T00196,P005,Potato Chips 100g,Snacks,4,50,35,0
2026-07-22,T00203,P006,Bread,Bakery,15,55,40,0
2026-07-22,T00203,P007,Pepsi 500ml,Beverage,6,60,45,0
2026-07-23,T00204,P001,Coca Cola 500ml,Beverage,7,60,45,0
2026-07-23,T00204,P002,Wai Wai Noodles,Grocery,19,35,25,0
2026-07-23,T00204,P003,Milk 1L,Dairy,9,85,70,0
2026-07-23,T00192,P004,Basmati Rice 5kg,Grocery,3,420,360,0
2026-07-23,T00197,P005,Potato Chips 100g,Snacks,2,50,35,0
2026-07-23,T00204,P006,Bread,Bakery,5,55,40,0
2026-07-23,T00204,P007,Pepsi 500ml,Beverage,11,60,45,0
2026-07-24,T00205,P001,Coca Cola 500ml,Beverage,14,60,45,0
2026-07-24,T00205,P002,Wai Wai Noodles,Grocery,16,35,25,0
2026-07-24,T00205,P003,Milk 1L,Dairy,6,85,70,0
2026-07-24,T00193,P004,Basmati Rice 5kg,Grocery,3,420,360,0
2026-07-24,T00198,P005,Potato Chips 100g,Snacks,5,50,35,0
2026-07-24,T00205,P006,Bread,Bakery,12,55,40,0
2026-07-24,T00205,P007,Pepsi 500ml,Beverage,11,60,45,0
2026-07-25,T00206,P001,Coca Cola 500ml,Beverage,13,60,45,0
2026-07-25,T00206,P002,Wai Wai Noodles,Grocery,23,35,25,0
2026-07-25,T00206,P003,Milk 1L,Dairy,9,85,70,0
2026-07-25,T00194,P004,Basmati Rice 5kg,Grocery,4,420,360,0
2026-07-25,T00199,P005,Potato Chips 100g,Snacks,10,50,35,0
2026-07-25,T00206,P006,Bread,Bakery,16,55,40,0
2026-07-25,T00206,P007,Pepsi 500ml,Beverage,12,60,45,0
2026-07-26,T00207,P001,Coca Cola 500ml,Beverage,14,60,45,0
2026-07-26,T00207,P002,Wai Wai Noodles,Grocery,23,35,25,0
2026-07-26,T00207,P003,Milk 1L,Dairy,8,85,70,0
2026-07-26,T00195,P004,Basmati Rice 5kg,Grocery,6,420,360,0
2026-07-26,T00200,P005,Potato Chips 100g,Snacks,15,50,35,0
2026-07-26,T00207,P006,Bread,Bakery,8,55,40,0
2026-07-26,T00207,P007,Pepsi 500ml,Beverage,6,60,45,0
2026-07-27,T00208,P001,Coca Cola 500ml,Beverage,11,60,45,0
2026-07-27,T00208,P002,Wai Wai Noodles,Grocery,17,35,25,0
2026-07-27,T00208,P003,Milk 1L,Dairy,8,85,70,0
2026-07-27,T00196,P004,Basmati Rice 5kg,Grocery,3,420,360,0
2026-07-27,T00201,P005,Potato Chips 100g,Snacks,7,50,35,0
2026-07-27,T00208,P006,Bread,Bakery,15,55,40,0
2026-07-27,T00208,P007,Pepsi 500ml,Beverage,12,60,45,0
2026-07-28,T00209,P001,Coca Cola 500ml,Beverage,8,60,45,0
2026-07-28,T00209,P002,Wai Wai Noodles,Grocery,25,35,25,0
2026-07-28,T00209,P003,Milk 1L,Dairy,10,85,70,7
2026-07-28,T00197,P004,Basmati Rice 5kg,Grocery,6,420,360,14
2026-07-28,T00202,P005,Potato Chips 100g,Snacks,6,50,35,0
2026-07-28,T00209,P006,Bread,Bakery,8,55,40,0
2026-07-28,T00209,P007,Pepsi 500ml,Beverage,9,60,45,0
2026-07-29,T00210,P001,Coca Cola 500ml,Beverage,18,60,45,0
2026-07-29,T00210,P002,Wai Wai Noodles,Grocery,14,35,25,0
2026-07-29,T00210,P003,Milk 1L,Dairy,9,85,70,0
2026-07-29,T00198,P004,Basmati Rice 5kg,Grocery,5,420,360,0
2026-07-29,T00203,P005,Potato Chips 100g,Snacks,6,50,35,0
2026-07-29,T00210,P006,Bread,Bakery,5,55,40,0
2026-07-29,T00210,P007,Pepsi 500ml,Beverage,5,60,45,0
2026-07-30,T00211,P001,Coca Cola 500ml,Beverage,11,60,45,0
2026-07-30,T00211,P002,Wai Wai Noodles,Grocery,14,35,25,0
2026-07-30,T00211,P003,Milk 1L,Dairy,9,85,70,0
2026-07-30,T00199,P004,Basmati Rice 5kg,Grocery,5,420,360,0
2026-07-30,T00204,P005,Potato Chips 100g,Snacks,11,50,35,0
2026-07-30,T00211,P006,Bread,Bakery,13,55,40,0
2026-07-30,T00211,P007,Pepsi 500ml,Beverage,13,60,45,0
2026-07-31,T00212,P001,Coca Cola 500ml,Beverage,15,60,45,0
2026-07-31,T00212,P002,Wai Wai Noodles,Grocery,11,35,25,0
2026-07-31,T00212,P003,Milk 1L,Dairy,11,85,70,3
2026-07-31,T00200,P004,Basmati Rice 5kg,Grocery,4,420,360,0
2026-07-31,T00205,P005,Potato Chips 100g,Snacks,5,50,35,0
2026-07-31,T00212,P006,Bread,Bakery,14,55,40,0
2026-07-31,T00212,P007,Pepsi 500ml,Beverage,8,60,45,0
2026-08-01,T00213,P001,Coca Cola 500ml,Beverage,6,60,45,0
2026-08-01,T00213,P002,Wai Wai Noodles,Grocery,19,35,25,0
2026-08-01,T00213,P003,Milk 1L,Dairy,8,85,70,0
2026-08-01,T00201,P004,Basmati Rice 5kg,Grocery,4,420,360,0
2026-08-01,T00206,P005,Potato Chips 100g,Snacks,7,50,35,0
2026-08-01,T00213,P006,Bread,Bakery,7,55,40,0
2026-08-01,T00213,P007,Pepsi 500ml,Beverage,8,60,45,0
2026-08-02,T00214,P001,Coca Cola 500ml,Beverage,16,60,45,0
2026-08-02,T00214,P002,Wai Wai Noodles,Grocery,18,35,25,0
2026-08-02,T00214,P003,Milk 1L,Dairy,10,85,70,0
2026-08-02,T00202,P004,Basmati Rice 5kg,Grocery,6,420,360,0
2026-08-02,T00207,P005,Potato Chips 100g,Snacks,5,50,35,2
2026-08-02,T00214,P006,Bread,Bakery,13,55,40,0
2026-08-02,T00214,P007,Pepsi 500ml,Beverage,6,60,45,0
2026-08-03,T00215,P001,Coca Cola 500ml,Beverage,11,60,45,5
2026-08-03,T00215,P002,Wai Wai Noodles,Grocery,15,35,25,0
2026-08-03,T00215,P003,Milk 1L,Dairy,9,85,70,0
2026-08-03,T00203,P004,Basmati Rice 5kg,Grocery,6,420,360,0
2026-08-03,T00208,P005,Potato Chips 100g,Snacks,6,50,35,0
2026-08-03,T00215,P006,Bread,Bakery,6,55,40,0
2026-08-03,T00215,P007,Pepsi 500ml,Beverage,5,60,45,5
2026-08-04,T00216,P001,Coca Cola 500ml,Beverage,5,60,45,0
2026-08-04,T00216,P002,Wai Wai Noodles,Grocery,18,35,25,0
2026-08-04,T00216,P003,Milk 1L,Dairy,11,85,70,0
2026-08-04,T00204,P004,Basmati Rice 5kg,Grocery,6,420,360,0
2026-08-04,T00209,P005,Potato Chips 100g,Snacks,16,50,35,0
2026-08-04,T00216,P006,Bread,Bakery,10,55,40,0
2026-08-04,T00216,P007,Pepsi 500ml,Beverage,3,60,45,0
2026-08-05,T00217,P001,Coca Cola 500ml,Beverage,13,60,45,0
2026-08-05,T00217,P002,Wai Wai Noodles,Grocery,19,35,25,0
2026-08-05,T00217,P003,Milk 1L,Dairy,9,85,70,0
2026-08-05,T00205,P004,Basmati Rice 5kg,Grocery,4,420,360,0
2026-08-05,T00210,P005,Potato Chips 100g,Snacks,13,50,35,0
2026-08-05,T00217,P006,Bread,Bakery,10,55,40,0
2026-08-05,T00217,P007,Pepsi 500ml,Beverage,8,60,45,0
2026-08-06,T00218,P001,Coca Cola 500ml,Beverage,14,60,45,0
2026-08-06,T00218,P002,Wai Wai Noodles,Grocery,16,35,25,0
2026-08-06,T00218,P003,Milk 1L,Dairy,8,85,70,0
2026-08-06,T00206,P004,Basmati Rice 5kg,Grocery,5,420,360,13
2026-08-06,T00211,P005,Potato Chips 100g,Snacks,7,50,35,0
2026-08-06,T00218,P006,Bread,Bakery,16,55,40,0
2026-08-06,T00218,P007,Pepsi 500ml,Beverage,7,60,45,0
2026-08-07,T00219,P001,Coca Cola 500ml,Beverage,13,60,45,0
2026-08-07,T00219,P002,Wai Wai Noodles,Grocery,25,35,25,0
2026-08-07,T00219,P003,Milk 1L,Dairy,8,85,70,0
2026-08-07,T00207,P004,Basmati Rice 5kg,Grocery,7,420,360,0
2026-08-07,T00212,P005,Potato Chips 100g,Snacks,8,50,35,0
2026-08-07,T00219,P006,Bread,Bakery,16,55,40,0
2026-08-07,T00219,P007,Pepsi 500ml,Beverage,5,60,45,0
2026-08-08,T00220,P001,Coca Cola 500ml,Beverage,20,60,45,0
2026-08-08,T00220,P002,Wai Wai Noodles,Grocery,24,35,25,0
2026-08-08,T00220,P003,Milk 1L,Dairy,15,85,70,2
2026-08-08,T00208,P004,Basmati Rice 5kg,Grocery,1,420,360,0
2026-08-08,T00213,P005,Potato Chips 100g,Snacks,8,50,35,0
2026-08-08,T00220,P006,Bread,Bakery,12,55,40,0
2026-08-08,T00220,P007,Pepsi 500ml,Beverage,11,60,45,0
2026-08-09,T00221,P001,Coca Cola 500ml,Beverage,15,60,45,0
2026-08-09,T00221,P002,Wai Wai Noodles,Grocery,14,35,25,0
2026-08-09,T00221,P003,Milk 1L,Dairy,13,85,70,0
2026-08-09,T00209,P004,Basmati Rice 5kg,Grocery,2,420,360,0
2026-08-09,T00214,P005,Potato Chips 100g,Snacks,6,50,35,0
2026-08-09,T00221,P006,Bread,Bakery,8,55,40,0
2026-08-09,T00221,P007,Pepsi 500ml,Beverage,8,60,45,0
2026-08-10,T00222,P001,Coca Cola 500ml,Beverage,14,60,45,0
2026-08-10,T00222,P002,Wai Wai Noodles,Grocery,14,35,25,0
2026-08-10,T00222,P003,Milk 1L,Dairy,4,85,70,0
2026-08-10,T00215,P005,Potato Chips 100g,Snacks,6,50,35,0
2026-08-10,T00222,P006,Bread,Bakery,8,55,40,0
2026-08-10,T00222,P007,Pepsi 500ml,Beverage,5,60,45,0
2026-08-11,T00223,P001,Coca Cola 500ml,Beverage,11,60,45,0
2026-08-11,T00223,P002,Wai Wai Noodles,Grocery,13,35,25,0
2026-08-11,T00223,P003,Milk 1L,Dairy,8,85,70,0
2026-08-11,T00210,P004,Basmati Rice 5kg,Grocery,7,420,360,0
2026-08-11,T00216,P005,Potato Chips 100g,Snacks,5,50,35,0
2026-08-11,T00223,P006,Bread,Bakery,7,55,40,0
2026-08-11,T00223,P007,Pepsi 500ml,Beverage,6,60,45,0
2026-08-12,T00224,P001,Coca Cola 500ml,Beverage,11,60,45,0
2026-08-12,T00224,P002,Wai Wai Noodles,Grocery,38,35,25,0
2026-08-12,T00224,P003,Milk 1L,Dairy,3,85,70,5
2026-08-12,T00211,P004,Basmati Rice 5kg,Grocery,3,420,360,0
2026-08-12,T00217,P005,Potato Chips 100g,Snacks,5,50,35,4
2026-08-12,T00224,P006,Bread,Bakery,12,55,40,0
2026-08-12,T00224,P007,Pepsi 500ml,Beverage,10,60,45,0
2026-08-13,T00225,P001,Coca Cola 500ml,Beverage,13,60,45,3
2026-08-13,T00225,P002,Wai Wai Noodles,Grocery,12,35,25,0
2026-08-13,T00225,P003,Milk 1L,Dairy,4,85,70,0
2026-08-13,T00212,P004,Basmati Rice 5kg,Grocery,3,420,360,0
2026-08-13,T00218,P005,Potato Chips 100g,Snacks,4,50,35,0
2026-08-13,T00225,P006,Bread,Bakery,5,55,40,5
2026-08-13,T00225,P007,Pepsi 500ml,Beverage,15,60,45,0
2026-08-14,T00226,P001,Coca Cola 500ml,Beverage,11,60,45,0
2026-08-14,T00226,P002,Wai Wai Noodles,Grocery,18,35,25,1
2026-08-14,T00226,P003,Milk 1L,Dairy,29,85,70,0
2026-08-14,T00213,P004,Basmati Rice 5kg,Grocery,6,420,360,0
2026-08-14,T00219,P005,Potato Chips 100g,Snacks,10,50,35,0
2026-08-14,T00226,P006,Bread,Bakery,17,55,40,0
2026-08-14,T00226,P007,Pepsi 500ml,Beverage,9,60,45,0
2026-08-15,T00227,P001,Coca Cola 500ml,Beverage,10,60,45,0
2026-08-15,T00227,P002,Wai Wai Noodles,Grocery,17,35,25,0
2026-08-15,T00227,P003,Milk 1L,Dairy,6,85,70,0
2026-08-15,T00214,P004,Basmati Rice 5kg,Grocery,5,420,360,35
2026-08-15,T00220,P005,Potato Chips 100g,Snacks,9,50,35,0
2026-08-15,T00227,P006,Bread,Bakery,13,55,40,3
2026-08-15,T00227,P007,Pepsi 500ml,Beverage,13,60,45,0
2026-08-16,T00228,P001,Coca Cola 500ml,Beverage,10,60,45,0
2026-08-16,T00228,P002,Wai Wai Noodles,Grocery,18,35,25,0
2026-08-16,T00228,P003,Milk 1L,Dairy,8,85,70,2
2026-08-16,T00215,P004,Basmati Rice 5kg,Grocery,6,420,360,0
2026-08-16,T00221,P005,Potato Chips 100g,Snacks,11,50,35,0
2026-08-16,T00228,P006,Bread,Bakery,16,55,40,0
2026-08-16,T00228,P007,Pepsi 500ml,Beverage,7,60,45,0
2026-08-17,T00229,P001,Coca Cola 500ml,Beverage,13,60,45,0
2026-08-17,T00229,P002,Wai Wai Noodles,Grocery,22,35,25,0
2026-08-17,T00229,P003,Milk 1L,Dairy,6,85,70,0
2026-08-17,T00216,P004,Basmati Rice 5kg,Grocery,4,420,360,0
2026-08-17,T00222,P005,Potato Chips 100g,Snacks,4,50,35,0
2026-08-17,T00229,P006,Bread,Bakery,11,55,40,1
2026-08-17,T00229,P007,Pepsi 500ml,Beverage,10,60,45,0
2026-08-18,T00230,P001,Coca Cola 500ml,Beverage,14,60,45,0
2026-08-18,T00230,P002,Wai Wai Noodles,Grocery,21,35,25,0
2026-08-18,T00230,P003,Milk 1L,Dairy,3,85,70,0
2026-08-18,T00217,P004,Basmati Rice 5kg,Grocery,6,420,360,0
2026-08-18,T00223,P005,Potato Chips 100g,Snacks,10,50,35,3
2026-08-18,T00230,P006,Bread,Bakery,6,55,40,0
2026-08-18,T00230,P007,Pepsi 500ml,Beverage,12,60,45,5
2026-08-19,T00231,P001,Coca Cola 500ml,Beverage,13,60,45,0
2026-08-19,T00231,P002,Wai Wai Noodles,Grocery,19,35,25,0
2026-08-19,T00231,P003,Milk 1L,Dairy,4,85,70,0
2026-08-19,T00224,P005,Potato Chips 100g,Snacks,5,50,35,0
2026-08-19,T00231,P006,Bread,Bakery,11,55,40,0
2026-08-19,T00231,P007,Pepsi 500ml,Beverage,9,60,45,0
2026-08-20,T00232,P001,Coca Cola 500ml,Beverage,10,60,45,0
2026-08-20,T00232,P002,Wai Wai Noodles,Grocery,24,35,25,0
2026-08-20,T00232,P003,Milk 1L,Dairy,10,85,70,0
2026-08-20,T00218,P004,Basmati Rice 5kg,Grocery,2,420,360,0
2026-08-20,T00225,P005,Potato Chips 100g,Snacks,7,50,35,3
2026-08-20,T00232,P006,Bread,Bakery,4,55,40,0
2026-08-20,T00232,P007,Pepsi 500ml,Beverage,13,60,45,0
2026-08-21,T00233,P001,Coca Cola 500ml,Beverage,12,60,45,0
2026-08-21,T00233,P002,Wai Wai Noodles,Grocery,28,35,25,0
2026-08-21,T00233,P003,Milk 1L,Dairy,8,85,70,0
2026-08-21,T00226,P005,Potato Chips 100g,Snacks,7,50,35,0
2026-08-21,T00233,P006,Bread,Bakery,17,55,40,0
2026-08-21,T00233,P007,Pepsi 500ml,Beverage,13,60,45,0
2026-08-22,T00234,P001,Coca Cola 500ml,Beverage,17,60,45,0
2026-08-22,T00234,P002,Wai Wai Noodles,Grocery,17,35,25,0
2026-08-22,T00234,P003,Milk 1L,Dairy,9,85,70,0
2026-08-22,T00219,P004,Basmati Rice 5kg,Grocery,10,420,360,0
2026-08-22,T00227,P005,Potato Chips 100g,Snacks,11,50,35,0
2026-08-22,T00234,P006,Bread,Bakery,19,55,40,0
2026-08-22,T00234,P007,Pepsi 500ml,Beverage,10,60,45,0
2026-08-23,T00235,P001,Coca Cola 500ml,Beverage,12,60,45,0
2026-08-23,T00235,P002,Wai Wai Noodles,Grocery,12,35,25,0
2026-08-23,T00235,P003,Milk 1L,Dairy,7,85,70,0
2026-08-23,T00220,P004,Basmati Rice 5kg,Grocery,4,420,360,0
2026-08-23,T00228,P005,Potato Chips 100g,Snacks,7,50,35,0
2026-08-23,T00235,P006,Bread,Bakery,5,55,40,0
2026-08-23,T00235,P007,Pepsi 500ml,Beverage,14,60,45,0
2026-08-24,T00236,P001,Coca Cola 500ml,Beverage,9,60,45,0
2026-08-24,T00236,P002,Wai Wai Noodles,Grocery,15,35,25,0
2026-08-24,T00236,P003,Milk 1L,Dairy,15,85,70,0
2026-08-24,T00221,P004,Basmati Rice 5kg,Grocery,8,420,360,20
2026-08-24,T00229,P005,Potato Chips 100g,Snacks,5,50,35,0
2026-08-24,T00236,P006,Bread,Bakery,11,55,40,3
2026-08-24,T00236,P007,Pepsi 500ml,Beverage,8,60,45,0
2026-08-25,T00237,P001,Coca Cola 500ml,Beverage,8,60,45,0
2026-08-25,T00237,P002,Wai Wai Noodles,Grocery,17,35,25,0
2026-08-25,T00237,P003,Milk 1L,Dairy,11,85,70,0
2026-08-25,T00222,P004,Basmati Rice 5kg,Grocery,3,420,360,0
2026-08-25,T00230,P005,Potato Chips 100g,Snacks,5,50,35,0
2026-08-25,T00237,P006,Bread,Bakery,7,55,40,0
2026-08-25,T00237,P007,Pepsi 500ml,Beverage,10,60,45,0
2026-08-26,T00238,P001,Coca Cola 500ml,Beverage,15,60,45,0
2026-08-26,T00238,P002,Wai Wai Noodles,Grocery,18,35,25,0
2026-08-26,T00238,P003,Milk 1L,Dairy,7,85,70,0
2026-08-26,T00223,P004,Basmati Rice 5kg,Grocery,4,420,360,0
2026-08-26,T00231,P005,Potato Chips 100g,Snacks,10,50,35,0
2026-08-26,T00238,P006,Bread,Bakery,8,55,40,0
2026-08-26,T00238,P007,Pepsi 500ml,Beverage,7,60,45,0
2026-08-27,T00239,P001,Coca Cola 500ml,Beverage,8,60,45,0
2026-08-27,T00239,P002,Wai Wai Noodles,Grocery,17,35,25,0
2026-08-27,T00239,P003,Milk 1L,Dairy,7,85,70,0
2026-08-27,T00232,P005,Potato Chips 100g,Snacks,5,50,35,0
2026-08-27,T00239,P006,Bread,Bakery,9,55,40,0
2026-08-27,T00239,P007,Pepsi 500ml,Beverage,6,60,45,0
2026-08-28,T00240,P001,Coca Cola 500ml,Beverage,7,60,45,0
2026-08-28,T00240,P002,Wai Wai Noodles,Grocery,15,35,25,0
2026-08-28,T00240,P003,Milk 1L,Dairy,8,85,70,0
2026-08-28,T00224,P004,Basmati Rice 5kg,Grocery,3,420,360,0
2026-08-28,T00233,P005,Potato Chips 100g,Snacks,4,50,35,0
2026-08-28,T00240,P006,Bread,Bakery,18,55,40,0
2026-08-28,T00240,P007,Pepsi 500ml,Beverage,13,60,45,0
2026-08-29,T00241,P001,Coca Cola 500ml,Beverage,20,60,45,0
2026-08-29,T00241,P002,Wai Wai Noodles,Grocery,14,35,25,0
2026-08-29,T00241,P003,Milk 1L,Dairy,9,85,70,0
2026-08-29,T00225,P004,Basmati Rice 5kg,Grocery,3,420,360,0
2026-08-29,T00234,P005,Potato Chips 100g,Snacks,12,50,35,0
2026-08-29,T00241,P006,Bread,Bakery,16,55,40,0
2026-08-29,T00241,P007,Pepsi 500ml,Beverage,12,60,45,0
2026-08-30,T00242,P001,Coca Cola 500ml,Beverage,9,60,45,0
2026-08-30,T00242,P002,Wai Wai Noodles,Grocery,7,35,25,0
2026-08-30,T00242,P003,Milk 1L,Dairy,13,85,70,0
2026-08-30,T00226,P004,Basmati Rice 5kg,Grocery,2,420,360,0
2026-08-30,T00235,P005,Potato Chips 100g,Snacks,9,50,35,0
2026-08-30,T00242,P006,Bread,Bakery,12,55,40,0
2026-08-30,T00242,P007,Pepsi 500ml,Beverage,13,60,45,0
2026-08-31,T00243,P001,Coca Cola 500ml,Beverage,13,60,45,0
2026-08-31,T00243,P002,Wai Wai Noodles,Grocery,18,35,25,0
2026-08-31,T00243,P003,Milk 1L,Dairy,10,85,70,0
2026-08-31,T00227,P004,Basmati Rice 5kg,Grocery,4,420,360,0
2026-08-31,T00236,P005,Potato Chips 100g,Snacks,16,50,35,0
2026-08-31,T00243,P006,Bread,Bakery,9,55,40,0
2026-08-31,T00243,P007,Pepsi 500ml,Beverage,11,60,45,0
2026-09-01,T00244,P001,Coca Cola 500ml,Beverage,12,60,45,0
2026-09-01,T00244,P002,Wai Wai Noodles,Grocery,19,35,25,0
2026-09-01,T00244,P003,Milk 1L,Dairy,10,85,70,0
2026-09-01,T00237,P005,Potato Chips 100g,Snacks,13,50,35,0
2026-09-01,T00244,P006,Bread,Bakery,9,55,40,0
2026-09-01,T00244,P007,Pepsi 500ml,Beverage,6,60,45,0
2026-09-02,T00245,P001,Coca Cola 500ml,Beverage,9,60,45,0
2026-09-02,T00245,P002,Wai Wai Noodles,Grocery,20,35,25,0
2026-09-02,T00245,P003,Milk 1L,Dairy,9,85,70,0
2026-09-02,T00228,P004,Basmati Rice 5kg,Grocery,3,420,360,0
2026-09-02,T00238,P005,Potato Chips 100g,Snacks,3,50,35,0
2026-09-02,T00245,P006,Bread,Bakery,10,55,40,0
2026-09-02,T00245,P007,Pepsi 500ml,Beverage,8,60,45,0
2026-09-03,T00246,P001,Coca Cola 500ml,Beverage,13,60,45,0
2026-09-03,T00246,P002,Wai Wai Noodles,Grocery,20,35,25,0
2026-09-03,T00246,P003,Milk 1L,Dairy,5,85,70,0
2026-09-03,T00229,P004,Basmati Rice 5kg,Grocery,3,420,360,0
2026-09-03,T00246,P006,Bread,Bakery,14,55,40,0
2026-09-03,T00246,P007,Pepsi 500ml,Beverage,8,60,45,0
2026-09-04,T00247,P001,Coca Cola 500ml,Beverage,18,60,45,0
2026-09-04,T00247,P002,Wai Wai Noodles,Grocery,23,35,25,0
2026-09-04,T00247,P003,Milk 1L,Dairy,9,85,70,8
2026-09-04,T00239,P005,Potato Chips 100g,Snacks,7,50,35,0
2026-09-04,T00247,P006,Bread,Bakery,11,55,40,0
2026-09-04,T00247,P007,Pepsi 500ml,Beverage,12,60,45,0
2026-09-05,T00248,P001,Coca Cola 500ml,Beverage,18,60,45,0
2026-09-05,T00248,P002,Wai Wai Noodles,Grocery,15,35,25,2
2026-09-05,T00248,P003,Milk 1L,Dairy,11,85,70,0
2026-09-05,T00230,P004,Basmati Rice 5kg,Grocery,4,420,360,0
2026-09-05,T00240,P005,Potato Chips 100g,Snacks,8,50,35,0
2026-09-05,T00248,P006,Bread,Bakery,12,55,40,0
2026-09-05,T00248,P007,Pepsi 500ml,Beverage,16,60,45,0
2026-09-06,T00249,P001,Coca Cola 500ml,Beverage,18,60,45,0
2026-09-06,T00249,P002,Wai Wai Noodles,Grocery,17,35,25,0
2026-09-06,T00249,P003,Milk 1L,Dairy,7,85,70,0
2026-09-06,T00231,P004,Basmati Rice 5kg,Grocery,2,420,360,0
2026-09-06,T00241,P005,Potato Chips 100g,Snacks,13,50,35,0
2026-09-06,T00249,P006,Bread,Bakery,10,55,40,0
2026-09-06,T00249,P007,Pepsi 500ml,Beverage,7,60,45,3
2026-09-07,T00250,P001,Coca Cola 500ml,Beverage,5,60,45,3
2026-09-07,T00250,P002,Wai Wai Noodles,Grocery,13,35,25,0
2026-09-07,T00250,P003,Milk 1L,Dairy,7,85,70,0
2026-09-07,T00232,P004,Basmati Rice 5kg,Grocery,4,420,360,0
2026-09-07,T00242,P005,Potato Chips 100g,Snacks,10,50,35,0
2026-09-07,T00250,P006,Bread,Bakery,14,55,40,0
2026-09-07,T00250,P007,Pepsi 500ml,Beverage,11,60,45,0
2026-09-08,T00251,P001,Coca Cola 500ml,Beverage,15,60,45,0
2026-09-08,T00251,P002,Wai Wai Noodles,Grocery,15,35,25,0
2026-09-08,T00251,P003,Milk 1L,Dairy,6,85,70,0
2026-09-08,T00233,P004,Basmati Rice 5kg,Grocery,3,420,360,0
2026-09-08,T00243,P005,Potato Chips 100g,Snacks,7,50,35,0
2026-09-08,T00251,P006,Bread,Bakery,6,55,40,0
2026-09-08,T00251,P007,Pepsi 500ml,Beverage,5,60,45,0
2026-09-09,T00252,P001,Coca Cola 500ml,Beverage,15,60,45,0
2026-09-09,T00252,P002,Wai Wai Noodles,Grocery,18,35,25,0
2026-09-09,T00252,P003,Milk 1L,Dairy,6,85,70,0
2026-09-09,T00234,P004,Basmati Rice 5kg,Grocery,6,420,360,0
2026-09-09,T00244,P005,Potato Chips 100g,Snacks,6,50,35,0
2026-09-09,T00252,P006,Bread,Bakery,9,55,40,0
2026-09-09,T00252,P007,Pepsi 500ml,Beverage,12,60,45,0
2026-09-10,T00253,P001,Coca Cola 500ml,Beverage,10,60,45,0
2026-09-10,T00253,P002,Wai Wai Noodles,Grocery,15,35,25,0
2026-09-10,T00253,P003,Milk 1L,Dairy,5,85,70,0
2026-09-10,T00235,P004,Basmati Rice 5kg,Grocery,2,420,360,36
2026-09-10,T00245,P005,Potato Chips 100g,Snacks,6,50,35,0
2026-09-10,T00253,P006,Bread,Bakery,15,55,40,0
2026-09-10,T00253,P007,Pepsi 500ml,Beverage,11,60,45,0
2026-09-11,T00254,P001,Coca Cola 500ml,Beverage,14,60,45,0
2026-09-11,T00254,P002,Wai Wai Noodles,Grocery,17,35,25,0
2026-09-11,T00254,P003,Milk 1L,Dairy,2,85,70,0
2026-09-11,T00246,P005,Potato Chips 100g,Snacks,8,50,35,0
2026-09-11,T00254,P006,Bread,Bakery,8,55,40,0
2026-09-11,T00254,P007,Pepsi 500ml,Beverage,12,60,45,0
2026-09-12,T00255,P001,Coca Cola 500ml,Beverage,11,60,45,0
2026-09-12,T00255,P002,Wai Wai Noodles,Grocery,26,35,25,0
2026-09-12,T00255,P003,Milk 1L,Dairy,13,85,70,4
2026-09-12,T00236,P004,Basmati Rice 5kg,Grocery,2,420,360,0
2026-09-12,T00247,P005,Potato Chips 100g,Snacks,11,50,35,0
2026-09-12,T00255,P006,Bread,Bakery,13,55,40,0
2026-09-12,T00255,P007,Pepsi 500ml,Beverage,6,60,45,0
2026-09-13,T00256,P001,Coca Cola 500ml,Beverage,7,60,45,0
2026-09-13,T00256,P002,Wai Wai Noodles,Grocery,12,35,25,0
2026-09-13,T00256,P003,Milk 1L,Dairy,9,85,70,0
2026-09-13,T00237,P004,Basmati Rice 5kg,Grocery,3,420,360,13
2026-09-13,T00248,P005,Potato Chips 100g,Snacks,2,50,35,4
2026-09-13,T00256,P006,Bread,Bakery,9,55,40,0
2026-09-13,T00256,P007,Pepsi 500ml,Beverage,14,60,45,0
2026-09-14,T00257,P001,Coca Cola 500ml,Beverage,7,60,45,0
2026-09-14,T00257,P002,Wai Wai Noodles,Grocery,17,35,25,0
2026-09-14,T00257,P003,Milk 1L,Dairy,5,85,70,0
2026-09-14,T00238,P004,Basmati Rice 5kg,Grocery,3,420,360,18
2026-09-14,T00249,P005,Potato Chips 100g,Snacks,9,50,35,0
2026-09-14,T00257,P006,Bread,Bakery,9,55,40,0
2026-09-14,T00257,P007,Pepsi 500ml,Beverage,10,60,45,0
2026-09-15,T00258,P001,Coca Cola 500ml,Beverage,16,60,45,0
2026-09-15,T00258,P002,Wai Wai Noodles,Grocery,17,35,25,0
2026-09-15,T00258,P003,Milk 1L,Dairy,10,85,70,0
2026-09-15,T00239,P004,Basmati Rice 5kg,Grocery,2,420,360,0
2026-09-15,T00250,P005,Potato Chips 100g,Snacks,3,50,35,0
2026-09-15,T00258,P006,Bread,Bakery,9,55,40,0
2026-09-15,T00258,P007,Pepsi 500ml,Beverage,11,60,45,0
2026-09-16,T00259,P001,Coca Cola 500ml,Beverage,9,60,45,0
2026-09-16,T00259,P002,Wai Wai Noodles,Grocery,10,35,25,0
2026-09-16,T00259,P003,Milk 1L,Dairy,5,85,70,0
2026-09-16,T00240,P004,Basmati Rice 5kg,Grocery,4,420,360,0
2026-09-16,T00251,P005,Potato Chips 100g,Snacks,14,50,35,0
2026-09-16,T00259,P006,Bread,Bakery,8,55,40,0
2026-09-16,T00259,P007,Pepsi 500ml,Beverage,4,60,45,0
2026-09-17,T00260,P001,Coca Cola 500ml,Beverage,15,60,45,2
2026-09-17,T00260,P002,Wai Wai Noodles,Grocery,18,35,25,0
2026-09-17,T00260,P003,Milk 1L,Dairy,9,85,70,0
2026-09-17,T00241,P004,Basmati Rice 5kg,Grocery,4,420,360,0
2026-09-17,T00260,P006,Bread,Bakery,9,55,40,0
2026-09-17,T00260,P007,Pepsi 500ml,Beverage,12,60,45,0
2026-09-18,T00261,P001,Coca Cola 500ml,Beverage,14,60,45,0
2026-09-18,T00261,P002,Wai Wai Noodles,Grocery,20,35,25,0
2026-09-18,T00261,P003,Milk 1L,Dairy,9,85,70,0
2026-09-18,T00252,P005,Potato Chips 100g,Snacks,4,50,35,0
2026-09-18,T00261,P006,Bread,Bakery,12,55,40,0
2026-09-18,T00261,P007,Pepsi 500ml,Beverage,15,60,45,2
2026-09-19,T00262,P001,Coca Cola 500ml,Beverage,18,60,45,0
2026-09-19,T00262,P002,Wai Wai Noodles,Grocery,17,35,25,0
2026-09-19,T00262,P003,Milk 1L,Dairy,5,85,70,0
2026-09-19,T00242,P004,Basmati Rice 5kg,Grocery,7,420,360,0
2026-09-19,T00253,P005,Potato Chips 100g,Snacks,8,50,35,0
2026-09-19,T00262,P006,Bread,Bakery,9,55,40,0
2026-09-19,T00262,P007,Pepsi 500ml,Beverage,16,60,45,0
2026-09-20,T00263,P001,Coca Cola 500ml,Beverage,13,60,45,0
2026-09-20,T00263,P002,Wai Wai Noodles,Grocery,25,35,25,0
2026-09-20,T00263,P003,Milk 1L,Dairy,13,85,70,0
2026-09-20,T00243,P004,Basmati Rice 5kg,Grocery,2,420,360,0
2026-09-20,T00254,P005,Potato Chips 100g,Snacks,9,50,35,0
2026-09-20,T00263,P006,Bread,Bakery,17,55,40,0
2026-09-20,T00263,P007,Pepsi 500ml,Beverage,15,60,45,0
2026-09-21,T00264,P001,Coca Cola 500ml,Beverage,5,60,45,0
2026-09-21,T00264,P002,Wai Wai Noodles,Grocery,17,35,25,0
2026-09-21,T00264,P003,Milk 1L,Dairy,7,85,70,0
2026-09-21,T00244,P004,Basmati Rice 5kg,Grocery,1,420,360,0
2026-09-21,T00255,P005,Potato Chips 100g,Snacks,7,50,35,0
2026-09-21,T00264,P006,Bread,Bakery,9,55,40,0
2026-09-21,T00264,P007,Pepsi 500ml,Beverage,8,60,45,0
2026-09-22,T00265,P001,Coca Cola 500ml,Beverage,13,60,45,0
2026-09-22,T00265,P002,Wai Wai Noodles,Grocery,13,35,25,2
2026-09-22,T00265,P003,Milk 1L,Dairy,8,85,70,0
2026-09-22,T00245,P004,Basmati Rice 5kg,Grocery,4,420,360,0
2026-09-22,T00256,P005,Potato Chips 100g,Snacks,4,50,35,0
2026-09-22,T00265,P006,Bread,Bakery,8,55,40,0
2026-09-22,T00265,P007,Pepsi 500ml,Beverage,6,60,45,3
2026-09-23,T00266,P001,Coca Cola 500ml,Beverage,5,60,45,0
2026-09-23,T00266,P002,Wai Wai Noodles,Grocery,19,35,25,0
2026-09-23,T00266,P003,Milk 1L,Dairy,8,85,70,0
2026-09-23,T00246,P004,Basmati Rice 5kg,Grocery,5,420,360,0
2026-09-23,T00257,P005,Potato Chips 100g,Snacks,8,50,35,0
2026-09-23,T00266,P006,Bread,Bakery,8,55,40,3
2026-09-23,T00266,P007,Pepsi 500ml,Beverage,7,60,45,0
2026-09-24,T00267,P001,Coca Cola 500ml,Beverage,13,60,45,0
2026-09-24,T00267,P002,Wai Wai Noodles,Grocery,17,35,25,0
2026-09-24,T00267,P003,Milk 1L,Dairy,6,85,70,0
2026-09-24,T00247,P004,Basmati Rice 5kg,Grocery,3,420,360,0
2026-09-24,T00258,P005,Potato Chips 100g,Snacks,5,50,35,0
2026-09-24,T00267,P006,Bread,Bakery,9,55,40,2
2026-09-24,T00267,P007,Pepsi 500ml,Beverage,14,60,45,0
2026-09-25,T00268,P001,Coca Cola 500ml,Beverage,13,60,45,0
2026-09-25,T00268,P002,Wai Wai Noodles,Grocery,14,35,25,0
2026-09-25,T00268,P003,Milk 1L,Dairy,7,85,70,0
2026-09-25,T00248,P004,Basmati Rice 5kg,Grocery,7,420,360,0
2026-09-25,T00259,P005,Potato Chips 100g,Snacks,8,50,35,0
2026-09-25,T00268,P006,Bread,Bakery,10,55,40,0
2026-09-25,T00268,P007,Pepsi 500ml,Beverage,8,60,45,0
2026-09-26,T00269,P001,Coca Cola 500ml,Beverage,12,60,45,3
2026-09-26,T00269,P002,Wai Wai Noodles,Grocery,18,35,25,0
2026-09-26,T00269,P003,Milk 1L,Dairy,10,85,70,0
2026-09-26,T00249,P004,Basmati Rice 5kg,Grocery,2,420,360,0
2026-09-26,T00260,P005,Potato Chips 100g,Snacks,5,50,35,0
2026-09-26,T00269,P006,Bread,Bakery,7,55,40,0
2026-09-26,T00269,P007,Pepsi 500ml,Beverage,13,60,45,0
2026-09-27,T00270,P001,Coca Cola 500ml,Beverage,14,60,45,0
2026-09-27,T00270,P002,Wai Wai Noodles,Grocery,14,35,25,0
2026-09-27,T00270,P003,Milk 1L,Dairy,7,85,70,0
2026-09-27,T00261,P005,Potato Chips 100g,Snacks,7,50,35,0
2026-09-27,T00270,P006,Bread,Bakery,9,55,40,0
2026-09-27,T00270,P007,Pepsi 500ml,Beverage,9,60,45,0
2026-09-28,T00271,P001,Coca Cola 500ml,Beverage,6,60,45,0
2026-09-28,T00271,P002,Wai Wai Noodles,Grocery,15,35,25,0
2026-09-28,T00271,P003,Milk 1L,Dairy,12,85,70,0
2026-09-28,T00250,P004,Basmati Rice 5kg,Grocery,10,420,360,0
2026-09-28,T00262,P005,Potato Chips 100g,Snacks,3,50,35,0
2026-09-28,T00271,P006,Bread,Bakery,13,55,40,0
2026-09-28,T00271,P007,Pepsi 500ml,Beverage,9,60,45,0
2026-09-29,T00272,P001,Coca Cola 500ml,Beverage,7,60,45,0
2026-09-29,T00272,P002,Wai Wai Noodles,Grocery,22,35,25,0
2026-09-29,T00272,P003,Milk 1L,Dairy,6,85,70,3
2026-09-29,T00251,P004,Basmati Rice 5kg,Grocery,6,420,360,0
2026-09-29,T00263,P005,Potato Chips 100g,Snacks,9,50,35,0
2026-09-29,T00272,P006,Bread,Bakery,12,55,40,5
2026-09-29,T00272,P007,Pepsi 500ml,Beverage,9,60,45,0
2026-09-30,T00273,P001,Coca Cola 500ml,Beverage,12,60,45,0
2026-09-30,T00273,P002,Wai Wai Noodles,Grocery,23,35,25,0
2026-09-30,T00273,P003,Milk 1L,Dairy,10,85,70,0
2026-09-30,T00252,P004,Basmati Rice 5kg,Grocery,2,420,360,0
2026-09-30,T00264,P005,Potato Chips 100g,Snacks,5,50,35,0
2026-09-30,T00273,P006,Bread,Bakery,12,55,40,0
2026-09-30,T00273,P007,Pepsi 500ml,Beverage,5,60,45,0
2026-10-01,T00274,P001,Coca Cola 500ml,Beverage,11,60,45,0
2026-10-01,T00274,P002,Wai Wai Noodles,Grocery,23,35,25,0
2026-10-01,T00274,P003,Milk 1L,Dairy,7,85,70,0
2026-10-01,T00253,P004,Basmati Rice 5kg,Grocery,1,420,360,0
2026-10-01,T00265,P005,Potato Chips 100g,Snacks,5,50,35,0
2026-10-01,T00274,P006,Bread,Bakery,6,55,40,0
2026-10-01,T00274,P007,Pepsi 500ml,Beverage,13,60,45,3
2026-10-02,T00275,P001,Coca Cola 500ml,Beverage,13,60,45,0
2026-10-02,T00275,P002,Wai Wai Noodles,Grocery,20,35,25,0
2026-10-02,T00275,P003,Milk 1L,Dairy,9,85,70,7
2026-10-02,T00254,P004,Basmati Rice 5kg,Grocery,6,420,360,0
2026-10-02,T00266,P005,Potato Chips 100g,Snacks,11,50,35,0
2026-10-02,T00275,P006,Bread,Bakery,19,55,40,0
2026-10-02,T00275,P007,Pepsi 500ml,Beverage,9,60,45,0
2026-10-03,T00276,P001,Coca Cola 500ml,Beverage,10,60,45,0
2026-10-03,T00276,P002,Wai Wai Noodles,Grocery,15,35,25,0
2026-10-03,T00276,P003,Milk 1L,Dairy,17,85,70,0
2026-10-03,T00255,P004,Basmati Rice 5kg,Grocery,4,420,360,0
2026-10-03,T00267,P005,Potato Chips 100g,Snacks,7,50,35,0
2026-10-03,T00276,P006,Bread,Bakery,7,55,40,0
2026-10-03,T00276,P007,Pepsi 500ml,Beverage,10,60,45,0
2026-10-04,T00277,P001,Coca Cola 500ml,Beverage,11,60,45,0
2026-10-04,T00277,P002,Wai Wai Noodles,Grocery,19,35,25,0
2026-10-04,T00277,P003,Milk 1L,Dairy,7,85,70,0
2026-10-04,T00256,P004,Basmati Rice 5kg,Grocery,2,420,360,0
2026-10-04,T00268,P005,Potato Chips 100g,Snacks,14,50,35,0
2026-10-04,T00277,P006,Bread,Bakery,13,55,40,0
2026-10-04,T00277,P007,Pepsi 500ml,Beverage,12,60,45,3
2026-10-05,T00278,P001,Coca Cola 500ml,Beverage,10,60,45,0
2026-10-05,T00278,P002,Wai Wai Noodles,Grocery,21,35,25,0
2026-10-05,T00278,P003,Milk 1L,Dairy,5,85,70,0
2026-10-05,T00257,P004,Basmati Rice 5kg,Grocery,3,420,360,0
2026-10-05,T00269,P005,Potato Chips 100g,Snacks,6,50,35,0
2026-10-05,T00278,P006,Bread,Bakery,12,55,40,0
2026-10-05,T00278,P007,Pepsi 500ml,Beverage,12,60,45,0
2026-10-06,T00279,P001,Coca Cola 500ml,Beverage,11,60,45,0
2026-10-06,T00279,P002,Wai Wai Noodles,Grocery,22,35,25,0
2026-10-06,T00279,P003,Milk 1L,Dairy,11,85,70,6
2026-10-06,T00258,P004,Basmati Rice 5kg,Grocery,6,420,360,0
2026-10-06,T00270,P005,Potato Chips 100g,Snacks,11,50,35,0
2026-10-06,T00279,P006,Bread,Bakery,7,55,40,5
2026-10-06,T00279,P007,Pepsi 500ml,Beverage,5,60,45,0
2026-10-07,T00280,P001,Coca Cola 500ml,Beverage,10,60,45,0
2026-10-07,T00280,P002,Wai Wai Noodles,Grocery,18,35,25,0
2026-10-07,T00280,P003,Milk 1L,Dairy,14,85,70,0
2026-10-07,T00271,P005,Potato Chips 100g,Snacks,3,50,35,0
2026-10-07,T00280,P006,Bread,Bakery,11,55,40,0
2026-10-07,T00280,P007,Pepsi 500ml,Beverage,3,60,45,0
2026-10-08,T00281,P001,Coca Cola 500ml,Beverage,14,60,45,0
2026-10-08,T00281,P002,Wai Wai Noodles,Grocery,17,35,25,0
2026-10-08,T00281,P003,Milk 1L,Dairy,13,85,70,0
2026-10-08,T00272,P005,Potato Chips 100g,Snacks,6,50,35,0
2026-10-08,T00281,P006,Bread,Bakery,8,55,40,0
2026-10-08,T00281,P007,Pepsi 500ml,Beverage,4,60,45,0
2026-10-09,T00282,P001,Coca Cola 500ml,Beverage,17,60,45,0
2026-10-09,T00282,P002,Wai Wai Noodles,Grocery,23,35,25,0
2026-10-09,T00282,P003,Milk 1L,Dairy,11,85,70,0
2026-10-09,T00259,P004,Basmati Rice 5kg,Grocery,2,420,360,0
2026-10-09,T00273,P005,Potato Chips 100g,Snacks,6,50,35,0
2026-10-09,T00282,P006,Bread,Bakery,10,55,40,0
2026-10-09,T00282,P007,Pepsi 500ml,Beverage,15,60,45,0
2026-10-10,T00283,P001,Coca Cola 500ml,Beverage,15,60,45,5
2026-10-10,T00283,P002,Wai Wai Noodles,Grocery,18,35,25,0
2026-10-10,T00283,P003,Milk 1L,Dairy,10,85,70,0
2026-10-10,T00260,P004,Basmati Rice 5kg,Grocery,4,420,360,0
2026-10-10,T00274,P005,Potato Chips 100g,Snacks,9,50,35,0
2026-10-10,T00283,P006,Bread,Bakery,16,55,40,3
2026-10-10,T00283,P007,Pepsi 500ml,Beverage,8,60,45,0
2026-10-11,T00284,P001,Coca Cola 500ml,Beverage,19,60,45,1
2026-10-11,T00284,P002,Wai Wai Noodles,Grocery,11,35,25,0
2026-10-11,T00284,P003,Milk 1L,Dairy,10,85,70,0
2026-10-11,T00261,P004,Basmati Rice 5kg,Grocery,4,420,360,0
2026-10-11,T00275,P005,Potato Chips 100g,Snacks,5,50,35,0
2026-10-11,T00284,P006,Bread,Bakery,11,55,40,0
2026-10-11,T00284,P007,Pepsi 500ml,Beverage,7,60,45,0
2026-10-12,T00285,P001,Coca Cola 500ml,Beverage,12,60,45,0
2026-10-12,T00285,P002,Wai Wai Noodles,Grocery,20,35,25,0
2026-10-12,T00285,P003,Milk 1L,Dairy,3,85,70,0
2026-10-12,T00262,P004,Basmati Rice 5kg,Grocery,3,420,360,0
2026-10-12,T00276,P005,Potato Chips 100g,Snacks,2,50,35,0
2026-10-12,T00285,P006,Bread,Bakery,11,55,40,0
2026-10-12,T00285,P007,Pepsi 500ml,Beverage,8,60,45,0
2026-10-13,T00286,P001,Coca Cola 500ml,Beverage,11,60,45,5
2026-10-13,T00286,P002,Wai Wai Noodles,Grocery,11,35,25,0
2026-10-13,T00286,P003,Milk 1L,Dairy,8,85,70,0
2026-10-13,T00277,P005,Potato Chips 100g,Snacks,8,50,35,0
2026-10-13,T00286,P006,Bread,Bakery,19,55,40,0
2026-10-13,T00286,P007,Pepsi 500ml,Beverage,9,60,45,0
2026-10-14,T00287,P001,Coca Cola 500ml,Beverage,16,60,45,0
2026-10-14,T00287,P002,Wai Wai Noodles,Grocery,22,35,25,0
2026-10-14,T00287,P003,Milk 1L,Dairy,5,85,70,0
2026-10-14,T00263,P004,Basmati Rice 5kg,Grocery,5,420,360,0
2026-10-14,T00278,P005,Potato Chips 100g,Snacks,8,50,35,0
2026-10-14,T00287,P006,Bread,Bakery,13,55,40,0
2026-10-14,T00287,P007,Pepsi 500ml,Beverage,12,60,45,0
2026-10-15,T00288,P001,Coca Cola 500ml,Beverage,11,60,45,0
2026-10-15,T00288,P002,Wai Wai Noodles,Grocery,10,35,25,0
2026-10-15,T00288,P003,Milk 1L,Dairy,9,85,70,0
2026-10-15,T00264,P004,Basmati Rice 5kg,Grocery,2,420,360,0
2026-10-15,T00279,P005,Potato Chips 100g,Snacks,7,50,35,0
2026-10-15,T00288,P006,Bread,Bakery,9,55,40,0
2026-10-15,T00288,P007,Pepsi 500ml,Beverage,7,60,45,0
2026-10-16,T00289,P001,Coca Cola 500ml,Beverage,19,60,45,0
2026-10-16,T00289,P002,Wai Wai Noodles,Grocery,22,35,25,0
2026-10-16,T00289,P003,Milk 1L,Dairy,8,85,70,0
2026-10-16,T00265,P004,Basmati Rice 5kg,Grocery,1,420,360,0
2026-10-16,T00289,P006,Bread,Bakery,12,55,40,0
2026-10-16,T00289,P007,Pepsi 500ml,Beverage,10,60,45,0
2026-10-17,T00290,P001,Coca Cola 500ml,Beverage,13,60,45,0
2026-10-17,T00290,P002,Wai Wai Noodles,Grocery,13,35,25,0
2026-10-17,T00290,P003,Milk 1L,Dairy,7,85,70,0
2026-10-17,T00266,P004,Basmati Rice 5kg,Grocery,2,420,360,0
2026-10-17,T00280,P005,Potato Chips 100g,Snacks,13,50,35,0
2026-10-17,T00290,P006,Bread,Bakery,16,55,40,0
2026-10-17,T00290,P007,Pepsi 500ml,Beverage,14,60,45,0
2026-10-18,T00291,P001,Coca Cola 500ml,Beverage,14,60,45,0
2026-10-18,T00291,P002,Wai Wai Noodles,Grocery,16,35,25,1
2026-10-18,T00291,P003,Milk 1L,Dairy,10,85,70,0
2026-10-18,T00267,P004,Basmati Rice 5kg,Grocery,6,420,360,0
2026-10-18,T00281,P005,Potato Chips 100g,Snacks,8,50,35,0
2026-10-18,T00291,P006,Bread,Bakery,9,55,40,0
2026-10-18,T00291,P007,Pepsi 500ml,Beverage,11,60,45,0
2026-10-19,T00292,P001,Coca Cola 500ml,Beverage,7,60,45,0
2026-10-19,T00292,P002,Wai Wai Noodles,Grocery,18,35,25,0
2026-10-19,T00292,P003,Milk 1L,Dairy,17,85,70,0
2026-10-19,T00268,P004,Basmati Rice 5kg,Grocery,3,420,360,0
2026-10-19,T00282,P005,Potato Chips 100g,Snacks,8,50,35,0
2026-10-19,T00292,P006,Bread,Bakery,10,55,40,0
2026-10-19,T00292,P007,Pepsi 500ml,Beverage,8,60,45,4
2026-10-20,T00293,P001,Coca Cola 500ml,Beverage,11,60,45,0
2026-10-20,T00293,P002,Wai Wai Noodles,Grocery,15,35,25,0
2026-10-20,T00293,P003,Milk 1L,Dairy,7,85,70,0
2026-10-20,T00269,P004,Basmati Rice 5kg,Grocery,4,420,360,0
2026-10-20,T00283,P005,Potato Chips 100g,Snacks,6,50,35,0
2026-10-20,T00293,P006,Bread,Bakery,6,55,40,0
2026-10-20,T00293,P007,Pepsi 500ml,Beverage,21,60,45,0
2026-10-21,T00294,P001,Coca Cola 500ml,Beverage,10,60,45,3
2026-10-21,T00294,P002,Wai Wai Noodles,Grocery,16,35,25,0
2026-10-21,T00294,P003,Milk 1L,Dairy,8,85,70,6
2026-10-21,T00284,P005,Potato Chips 100g,Snacks,3,50,35,0
2026-10-21,T00294,P006,Bread,Bakery,11,55,40,0
2026-10-21,T00294,P007,Pepsi 500ml,Beverage,8,60,45,0
2026-10-22,T00295,P001,Coca Cola 500ml,Beverage,8,60,45,0
2026-10-22,T00295,P002,Wai Wai Noodles,Grocery,22,35,25,0
2026-10-22,T00295,P003,Milk 1L,Dairy,8,85,70,0
2026-10-22,T00270,P004,Basmati Rice 5kg,Grocery,6,420,360,0
2026-10-22,T00285,P005,Potato Chips 100g,Snacks,8,50,35,2
2026-10-22,T00295,P006,Bread,Bakery,13,55,40,0
2026-10-22,T00295,P007,Pepsi 500ml,Beverage,12,60,45,0
2026-10-23,T00296,P001,Coca Cola 500ml,Beverage,13,60,45,0
2026-10-23,T00296,P002,Wai Wai Noodles,Grocery,20,35,25,0
2026-10-23,T00296,P003,Milk 1L,Dairy,6,85,70,0
2026-10-23,T00271,P004,Basmati Rice 5kg,Grocery,3,420,360,0
2026-10-23,T00286,P005,Potato Chips 100g,Snacks,6,50,35,0
2026-10-23,T00296,P006,Bread,Bakery,15,55,40,0
2026-10-23,T00296,P007,Pepsi 500ml,Beverage,6,60,45,0
2026-10-24,T00297,P001,Coca Cola 500ml,Beverage,16,60,45,0
2026-10-24,T00297,P002,Wai Wai Noodles,Grocery,15,35,25,0
2026-10-24,T00297,P003,Milk 1L,Dairy,10,85,70,0
2026-10-24,T00272,P004,Basmati Rice 5kg,Grocery,6,420,360,33
2026-10-24,T00287,P005,Potato Chips 100g,Snacks,8,50,35,0
2026-10-24,T00297,P006,Bread,Bakery,14,55,40,0
2026-10-24,T00297,P007,Pepsi 500ml,Beverage,12,60,45,0
2026-10-25,T00298,P001,Coca Cola 500ml,Beverage,22,60,45,0
2026-10-25,T00298,P002,Wai Wai Noodles,Grocery,16,35,25,0
2026-10-25,T00298,P003,Milk 1L,Dairy,8,85,70,0
2026-10-25,T00273,P004,Basmati Rice 5kg,Grocery,1,420,360,0
2026-10-25,T00288,P005,Potato Chips 100g,Snacks,8,50,35,0
2026-10-25,T00298,P006,Bread,Bakery,14,55,40,0
2026-10-25,T00298,P007,Pepsi 500ml,Beverage,12,60,45,0
2026-10-26,T00299,P001,Coca Cola 500ml,Beverage,17,60,45,0
2026-10-26,T00299,P002,Wai Wai Noodles,Grocery,20,35,25,3
2026-10-26,T00299,P003,Milk 1L,Dairy,11,85,70,0
2026-10-26,T00274,P004,Basmati Rice 5kg,Grocery,7,420,360,0
2026-10-26,T00289,P005,Potato Chips 100g,Snacks,3,50,35,0
2026-10-26,T00299,P006,Bread,Bakery,9,55,40,0
2026-10-26,T00299,P007,Pepsi 500ml,Beverage,7,60,45,0
2026-10-27,T00300,P001,Coca Cola 500ml,Beverage,7,60,45,0
2026-10-27,T00300,P002,Wai Wai Noodles,Grocery,23,35,25,0
2026-10-27,T00300,P003,Milk 1L,Dairy,7,85,70,3
2026-10-27,T00275,P004,Basmati Rice 5kg,Grocery,4,420,360,22
2026-10-27,T00290,P005,Potato Chips 100g,Snacks,8,50,35,0
2026-10-27,T00300,P006,Bread,Bakery,6,55,40,0
2026-10-27,T00300,P007,Pepsi 500ml,Beverage,9,60,45,3
2026-10-28,T00301,P001,Coca Cola 500ml,Beverage,12,60,45,0
2026-10-28,T00301,P002,Wai Wai Noodles,Grocery,14,35,25,0
2026-10-28,T00301,P003,Milk 1L,Dairy,11,85,70,0
2026-10-28,T00276,P004,Basmati Rice 5kg,Grocery,5,420,360,15
2026-10-28,T00291,P005,Potato Chips 100g,Snacks,6,50,35,4
2026-10-28,T00301,P006,Bread,Bakery,10,55,40,0
2026-10-28,T00301,P007,Pepsi 500ml,Beverage,8,60,45,0
2026-10-29,T00302,P001,Coca Cola 500ml,Beverage,21,60,45,0
2026-10-29,T00302,P002,Wai Wai Noodles,Grocery,20,35,25,0
2026-10-29,T00302,P003,Milk 1L,Dairy,6,85,70,0
2026-10-29,T00277,P004,Basmati Rice 5kg,Grocery,2,420,360,0
2026-10-29,T00292,P005,Potato Chips 100g,Snacks,7,50,35,0
2026-10-29,T00302,P006,Bread,Bakery,9,55,40,0
2026-10-29,T00302,P007,Pepsi 500ml,Beverage,8,60,45,0
2026-10-30,T00303,P001,Coca Cola 500ml,Beverage,25,60,45,0
2026-10-30,T00303,P002,Wai Wai Noodles,Grocery,18,35,25,0
2026-10-30,T00303,P003,Milk 1L,Dairy,6,85,70,0
2026-10-30,T00278,P004,Basmati Rice 5kg,Grocery,4,420,360,0
2026-10-30,T00293,P005,Potato Chips 100g,Snacks,7,50,35,0
2026-10-30,T00303,P006,Bread,Bakery,8,55,40,0
2026-10-30,T00303,P007,Pepsi 500ml,Beverage,10,60,45,0
2026-10-31,T00304,P001,Coca Cola 500ml,Beverage,15,60,45,0
2026-10-31,T00304,P002,Wai Wai Noodles,Grocery,30,35,25,1
2026-10-31,T00304,P003,Milk 1L,Dairy,5,85,70,0
2026-10-31,T00279,P004,Basmati Rice 5kg,Grocery,5,420,360,0
2026-10-31,T00294,P005,Potato Chips 100g,Snacks,12,50,35,0
2026-10-31,T00304,P006,Bread,Bakery,9,55,40,0
2026-10-31,T00304,P007,Pepsi 500ml,Beverage,14,60,45,0
2026-11-01,T00305,P001,Coca Cola 500ml,Beverage,15,60,45,0
2026-11-01,T00305,P002,Wai Wai Noodles,Grocery,14,35,25,0
2026-11-01,T00305,P003,Milk 1L,Dairy,10,85,70,0
2026-11-01,T00280,P004,Basmati Rice 5kg,Grocery,4,420,360,0
2026-11-01,T00295,P005,Potato Chips 100g,Snacks,10,50,35,0
2026-11-01,T00305,P006,Bread,Bakery,10,55,40,0
2026-11-01,T00305,P007,Pepsi 500ml,Beverage,15,60,45,0
2026-11-02,T00306,P001,Coca Cola 500ml,Beverage,10,60,45,0
2026-11-02,T00306,P002,Wai Wai Noodles,Grocery,19,35,25,0
2026-11-02,T00306,P003,Milk 1L,Dairy,2,85,70,0
2026-11-02,T00281,P004,Basmati Rice 5kg,Grocery,4,420,360,0
2026-11-02,T00296,P005,Potato Chips 100g,Snacks,9,50,35,0
2026-11-02,T00306,P006,Bread,Bakery,11,55,40,0
2026-11-02,T00306,P007,Pepsi 500ml,Beverage,6,60,45,0
2026-11-03,T00307,P001,Coca Cola 500ml,Beverage,15,60,45,0
2026-11-03,T00307,P002,Wai Wai Noodles,Grocery,14,35,25,0
2026-11-03,T00307,P003,Milk 1L,Dairy,5,85,70,0
2026-11-03,T00282,P004,Basmati Rice 5kg,Grocery,1,420,360,15
2026-11-03,T00297,P005,Potato Chips 100g,Snacks,4,50,35,0
2026-11-03,T00307,P006,Bread,Bakery,12,55,40,0
2026-11-03,T00307,P007,Pepsi 500ml,Beverage,11,60,45,0
2026-11-04,T00308,P001,Coca Cola 500ml,Beverage,8,60,45,0
2026-11-04,T00308,P002,Wai Wai Noodles,Grocery,16,35,25,0
2026-11-04,T00308,P003,Milk 1L,Dairy,6,85,70,0
2026-11-04,T00283,P004,Basmati Rice 5kg,Grocery,4,420,360,0
2026-11-04,T00298,P005,Potato Chips 100g,Snacks,9,50,35,0
2026-11-04,T00308,P006,Bread,Bakery,11,55,40,0
2026-11-04,T00308,P007,Pepsi 500ml,Beverage,5,60,45,0
2026-11-05,T00309,P001,Coca Cola 500ml,Beverage,9,60,45,0
2026-11-05,T00309,P002,Wai Wai Noodles,Grocery,14,35,25,0
2026-11-05,T00309,P003,Milk 1L,Dairy,8,85,70,0
2026-11-05,T00284,P004,Basmati Rice 5kg,Grocery,5,420,360,0
2026-11-05,T00299,P005,Potato Chips 100g,Snacks,6,50,35,0
2026-11-05,T00309,P006,Bread,Bakery,5,55,40,0
2026-11-05,T00309,P007,Pepsi 500ml,Beverage,13,60,45,0
2026-11-06,T00310,P001,Coca Cola 500ml,Beverage,11,60,45,0
2026-11-06,T00310,P002,Wai Wai Noodles,Grocery,17,35,25,0
2026-11-06,T00310,P003,Milk 1L,Dairy,10,85,70,0
2026-11-06,T00285,P004,Basmati Rice 5kg,Grocery,6,420,360,0
2026-11-06,T00300,P005,Potato Chips 100g,Snacks,11,50,35,0
2026-11-06,T00310,P006,Bread,Bakery,12,55,40,0
2026-11-06,T00310,P007,Pepsi 500ml,Beverage,9,60,45,0
2026-11-07,T00311,P001,Coca Cola 500ml,Beverage,16,60,45,0
2026-11-07,T00311,P002,Wai Wai Noodles,Grocery,19,35,25,0
2026-11-07,T00311,P003,Milk 1L,Dairy,3,85,70,0
2026-11-07,T00286,P004,Basmati Rice 5kg,Grocery,8,420,360,0
2026-11-07,T00301,P005,Potato Chips 100g,Snacks,6,50,35,0
2026-11-07,T00311,P006,Bread,Bakery,14,55,40,0
2026-11-07,T00311,P007,Pepsi 500ml,Beverage,11,60,45,0
2026-11-08,T00312,P001,Coca Cola 500ml,Beverage,11,60,45,0
2026-11-08,T00312,P002,Wai Wai Noodles,Grocery,17,35,25,0
2026-11-08,T00312,P003,Milk 1L,Dairy,4,85,70,0
2026-11-08,T00287,P004,Basmati Rice 5kg,Grocery,3,420,360,0
2026-11-08,T00302,P005,Potato Chips 100g,Snacks,8,50,35,0
2026-11-08,T00312,P006,Bread,Bakery,14,55,40,3
2026-11-08,T00312,P007,Pepsi 500ml,Beverage,13,60,45,0
2026-11-09,T00313,P001,Coca Cola 500ml,Beverage,19,60,45,0
2026-11-09,T00313,P002,Wai Wai Noodles,Grocery,20,35,25,0
2026-11-09,T00313,P003,Milk 1L,Dairy,8,85,70,0
2026-11-09,T00288,P004,Basmati Rice 5kg,Grocery,1,420,360,0
2026-11-09,T00303,P005,Potato Chips 100g,Snacks,11,50,35,0
2026-11-09,T00313,P006,Bread,Bakery,6,55,40,0
2026-11-09,T00313,P007,Pepsi 500ml,Beverage,6,60,45,0
2026-11-10,T00314,P001,Coca Cola 500ml,Beverage,8,60,45,0
2026-11-10,T00314,P002,Wai Wai Noodles,Grocery,21,35,25,0
2026-11-10,T00314,P003,Milk 1L,Dairy,11,85,70,0
2026-11-10,T00289,P004,Basmati Rice 5kg,Grocery,3,420,360,0
2026-11-10,T00304,P005,Potato Chips 100g,Snacks,7,50,35,0
2026-11-10,T00314,P006,Bread,Bakery,7,55,40,0
2026-11-10,T00314,P007,Pepsi 500ml,Beverage,14,60,45,0
2026-11-11,T00315,P001,Coca Cola 500ml,Beverage,11,60,45,0
2026-11-11,T00315,P002,Wai Wai Noodles,Grocery,22,35,25,0
2026-11-11,T00315,P003,Milk 1L,Dairy,3,85,70,0
2026-11-11,T00290,P004,Basmati Rice 5kg,Grocery,3,420,360,0
2026-11-11,T00305,P005,Potato Chips 100g,Snacks,5,50,35,0
2026-11-11,T00315,P006,Bread,Bakery,8,55,40,0
2026-11-11,T00315,P007,Pepsi 500ml,Beverage,9,60,45,0
2026-11-12,T00316,P001,Coca Cola 500ml,Beverage,18,60,45,0
2026-11-12,T00316,P002,Wai Wai Noodles,Grocery,22,35,25,2
2026-11-12,T00316,P003,Milk 1L,Dairy,13,85,70,0
2026-11-12,T00291,P004,Basmati Rice 5kg,Grocery,4,420,360,0
2026-11-12,T00306,P005,Potato Chips 100g,Snacks,2,50,35,0
2026-11-12,T00316,P006,Bread,Bakery,8,55,40,0
2026-11-12,T00316,P007,Pepsi 500ml,Beverage,7,60,45,0
2026-11-13,T00317,P001,Coca Cola 500ml,Beverage,15,60,45,0
2026-11-13,T00317,P002,Wai Wai Noodles,Grocery,13,35,25,0
2026-11-13,T00317,P003,Milk 1L,Dairy,9,85,70,0
2026-11-13,T00292,P004,Basmati Rice 5kg,Grocery,6,420,360,0
2026-11-13,T00317,P006,Bread,Bakery,19,55,40,0
2026-11-13,T00317,P007,Pepsi 500ml,Beverage,13,60,45,0
2026-11-14,T00318,P001,Coca Cola 500ml,Beverage,15,60,45,0
2026-11-14,T00318,P002,Wai Wai Noodles,Grocery,31,35,25,0
2026-11-14,T00318,P003,Milk 1L,Dairy,10,85,70,0
2026-11-14,T00293,P004,Basmati Rice 5kg,Grocery,1,420,360,0
2026-11-14,T00307,P005,Potato Chips 100g,Snacks,11,50,35,0
2026-11-14,T00318,P006,Bread,Bakery,11,55,40,0
2026-11-14,T00318,P007,Pepsi 500ml,Beverage,14,60,45,0
2026-11-15,T00319,P001,Coca Cola 500ml,Beverage,14,60,45,0
2026-11-15,T00319,P002,Wai Wai Noodles,Grocery,21,35,25,0
2026-11-15,T00319,P003,Milk 1L,Dairy,9,85,70,0
2026-11-15,T00294,P004,Basmati Rice 5kg,Grocery,3,420,360,0
2026-11-15,T00308,P005,Potato Chips 100g,Snacks,4,50,35,0
2026-11-15,T00319,P006,Bread,Bakery,7,55,40,0
2026-11-15,T00319,P007,Pepsi 500ml,Beverage,6,60,45,0
2026-11-16,T00320,P001,Coca Cola 500ml,Beverage,17,60,45,5
2026-11-16,T00320,P002,Wai Wai Noodles,Grocery,19,35,25,0
2026-11-16,T00320,P003,Milk 1L,Dairy,8,85,70,0
2026-11-16,T00295,P004,Basmati Rice 5kg,Grocery,8,420,360,0
2026-11-16,T00309,P005,Potato Chips 100g,Snacks,4,50,35,0
2026-11-16,T00320,P006,Bread,Bakery,9,55,40,0
2026-11-16,T00320,P007,Pepsi 500ml,Beverage,12,60,45,4
2026-11-17,T00321,P001,Coca Cola 500ml,Beverage,15,60,45,0
2026-11-17,T00321,P002,Wai Wai Noodles,Grocery,15,35,25,0
2026-11-17,T00321,P003,Milk 1L,Dairy,5,85,70,0
2026-11-17,T00296,P004,Basmati Rice 5kg,Grocery,2,420,360,0
2026-11-17,T00310,P005,Potato Chips 100g,Snacks,5,50,35,0
2026-11-17,T00321,P006,Bread,Bakery,12,55,40,0
2026-11-17,T00321,P007,Pepsi 500ml,Beverage,12,60,45,0
2026-11-18,T00322,P001,Coca Cola 500ml,Beverage,13,60,45,0
2026-11-18,T00322,P002,Wai Wai Noodles,Grocery,14,35,25,0
2026-11-18,T00322,P003,Milk 1L,Dairy,8,85,70,0
2026-11-18,T00297,P004,Basmati Rice 5kg,Grocery,3,420,360,0
2026-11-18,T00311,P005,Potato Chips 100g,Snacks,9,50,35,0
2026-11-18,T00322,P006,Bread,Bakery,6,55,40,0
2026-11-18,T00322,P007,Pepsi 500ml,Beverage,6,60,45,0
2026-11-19,T00323,P001,Coca Cola 500ml,Beverage,21,60,45,0
2026-11-19,T00323,P002,Wai Wai Noodles,Grocery,10,35,25,0
2026-11-19,T00323,P003,Milk 1L,Dairy,8,85,70,0
2026-11-19,T00298,P004,Basmati Rice 5kg,Grocery,4,420,360,0
2026-11-19,T00312,P005,Potato Chips 100g,Snacks,6,50,35,0
2026-11-19,T00323,P006,Bread,Bakery,10,55,40,0
2026-11-19,T00323,P007,Pepsi 500ml,Beverage,15,60,45,0
2026-11-20,T00324,P001,Coca Cola 500ml,Beverage,15,60,45,0
2026-11-20,T00324,P002,Wai Wai Noodles,Grocery,16,35,25,2
2026-11-20,T00324,P003,Milk 1L,Dairy,14,85,70,0
2026-11-20,T00299,P004,Basmati Rice 5kg,Grocery,8,420,360,0
2026-11-20,T00324,P006,Bread,Bakery,40,55,40,0
2026-11-20,T00324,P007,Pepsi 500ml,Beverage,5,60,45,0
2026-11-21,T00325,P001,Coca Cola 500ml,Beverage,18,60,45,0
2026-11-21,T00325,P002,Wai Wai Noodles,Grocery,21,35,25,0
2026-11-21,T00325,P003,Milk 1L,Dairy,6,85,70,0
2026-11-21,T00300,P004,Basmati Rice 5kg,Grocery,4,420,360,0
2026-11-21,T00313,P005,Potato Chips 100g,Snacks,8,50,35,1
2026-11-21,T00325,P006,Bread,Bakery,7,55,40,0
2026-11-21,T00325,P007,Pepsi 500ml,Beverage,10,60,45,0
2026-11-22,T00326,P001,Coca Cola 500ml,Beverage,11,60,45,0
2026-11-22,T00326,P002,Wai Wai Noodles,Grocery,26,35,25,0
2026-11-22,T00326,P003,Milk 1L,Dairy,11,85,70,0
2026-11-22,T00301,P004,Basmati Rice 5kg,Grocery,2,420,360,0
2026-11-22,T00314,P005,Potato Chips 100g,Snacks,12,50,35,0
2026-11-22,T00326,P006,Bread,Bakery,10,55,40,0
2026-11-22,T00326,P007,Pepsi 500ml,Beverage,12,60,45,5
2026-11-23,T00327,P001,Coca Cola 500ml,Beverage,9,60,45,0
2026-11-23,T00327,P002,Wai Wai Noodles,Grocery,11,35,25,0
2026-11-23,T00327,P003,Milk 1L,Dairy,6,85,70,5
2026-11-23,T00302,P004,Basmati Rice 5kg,Grocery,2,420,360,0
2026-11-23,T00315,P005,Potato Chips 100g,Snacks,5,50,35,0
2026-11-23,T00327,P006,Bread,Bakery,10,55,40,0
2026-11-23,T00327,P007,Pepsi 500ml,Beverage,10,60,45,0
2026-11-24,T00328,P001,Coca Cola 500ml,Beverage,15,60,45,0
2026-11-24,T00328,P002,Wai Wai Noodles,Grocery,21,35,25,0
2026-11-24,T00328,P003,Milk 1L,Dairy,4,85,70,0
2026-11-24,T00303,P004,Basmati Rice 5kg,Grocery,4,420,360,0
2026-11-24,T00328,P006,Bread,Bakery,15,55,40,2
2026-11-24,T00328,P007,Pepsi 500ml,Beverage,6,60,45,0
2026-11-25,T00329,P001,Coca Cola 500ml,Beverage,12,60,45,0
2026-11-25,T00329,P002,Wai Wai Noodles,Grocery,16,35,25,0
2026-11-25,T00329,P003,Milk 1L,Dairy,7,85,70,0
2026-11-25,T00304,P004,Basmati Rice 5kg,Grocery,5,420,360,0
2026-11-25,T00316,P005,Potato Chips 100g,Snacks,4,50,35,0
2026-11-25,T00329,P006,Bread,Bakery,9,55,40,4
2026-11-25,T00329,P007,Pepsi 500ml,Beverage,11,60,45,0
2026-11-26,T00330,P001,Coca Cola 500ml,Beverage,7,60,45,0
2026-11-26,T00330,P002,Wai Wai Noodles,Grocery,14,35,25,0
2026-11-26,T00330,P003,Milk 1L,Dairy,14,85,70,0
2026-11-26,T00305,P004,Basmati Rice 5kg,Grocery,7,420,360,0
2026-11-26,T00317,P005,Potato Chips 100g,Snacks,7,50,35,0
2026-11-26,T00330,P006,Bread,Bakery,6,55,40,0
2026-11-26,T00330,P007,Pepsi 500ml,Beverage,11,60,45,0
2026-11-27,T00331,P001,Coca Cola 500ml,Beverage,15,60,45,0
2026-11-27,T00331,P002,Wai Wai Noodles,Grocery,14,35,25,0
2026-11-27,T00331,P003,Milk 1L,Dairy,9,85,70,0
2026-11-27,T00306,P004,Basmati Rice 5kg,Grocery,3,420,360,0
2026-11-27,T00318,P005,Potato Chips 100g,Snacks,9,50,35,0
2026-11-27,T00331,P006,Bread,Bakery,8,55,40,0
2026-11-27,T00331,P007,Pepsi 500ml,Beverage,10,60,45,0
2026-11-28,T00332,P001,Coca Cola 500ml,Beverage,15,60,45,0
2026-11-28,T00332,P002,Wai Wai Noodles,Grocery,22,35,25,0
2026-11-28,T00332,P003,Milk 1L,Dairy,18,85,70,0
2026-11-28,T00307,P004,Basmati Rice 5kg,Grocery,4,420,360,0
2026-11-28,T00319,P005,Potato Chips 100g,Snacks,9,50,35,0
2026-11-28,T00332,P006,Bread,Bakery,12,55,40,0
2026-11-28,T00332,P007,Pepsi 500ml,Beverage,12,60,45,0
2026-11-29,T00333,P001,Coca Cola 500ml,Beverage,10,60,45,0
2026-11-29,T00333,P002,Wai Wai Noodles,Grocery,19,35,25,0
2026-11-29,T00333,P003,Milk 1L,Dairy,11,85,70,0
2026-11-29,T00308,P004,Basmati Rice 5kg,Grocery,4,420,360,0
2026-11-29,T00320,P005,Potato Chips 100g,Snacks,8,50,35,0
2026-11-29,T00333,P006,Bread,Bakery,8,55,40,5
2026-11-29,T00333,P007,Pepsi 500ml,Beverage,11,60,45,0
2026-11-30,T00334,P001,Coca Cola 500ml,Beverage,15,60,45,0
2026-11-30,T00334,P002,Wai Wai Noodles,Grocery,27,35,25,0
2026-11-30,T00334,P003,Milk 1L,Dairy,13,85,70,0
2026-11-30,T00309,P004,Basmati Rice 5kg,Grocery,4,420,360,0
2026-11-30,T00334,P006,Bread,Bakery,10,55,40,0
2026-11-30,T00334,P007,Pepsi 500ml,Beverage,10,60,45,0
2026-12-01,T00335,P001,Coca Cola 500ml,Beverage,12,60,45,0
2026-12-01,T00335,P002,Wai Wai Noodles,Grocery,24,35,25,0
2026-12-01,T00335,P003,Milk 1L,Dairy,15,85,70,0
2026-12-01,T00321,P005,Potato Chips 100g,Snacks,10,50,35,0
2026-12-01,T00335,P006,Bread,Bakery,8,55,40,0
2026-12-01,T00335,P007,Pepsi 500ml,Beverage,5,60,45,0
2026-12-02,T00336,P001,Coca Cola 500ml,Beverage,12,60,45,0
2026-12-02,T00336,P002,Wai Wai Noodles,Grocery,12,35,25,0
2026-12-02,T00336,P003,Milk 1L,Dairy,10,85,70,0
2026-12-02,T00310,P004,Basmati Rice 5kg,Grocery,4,420,360,0
2026-12-02,T00322,P005,Potato Chips 100g,Snacks,9,50,35,0
2026-12-02,T00336,P006,Bread,Bakery,9,55,40,0
2026-12-02,T00336,P007,Pepsi 500ml,Beverage,11,60,45,0
2026-12-03,T00337,P001,Coca Cola 500ml,Beverage,12,60,45,3
2026-12-03,T00337,P002,Wai Wai Noodles,Grocery,24,35,25,0
2026-12-03,T00337,P003,Milk 1L,Dairy,12,85,70,0
2026-12-03,T00311,P004,Basmati Rice 5kg,Grocery,4,420,360,0
2026-12-03,T00323,P005,Potato Chips 100g,Snacks,7,50,35,0
2026-12-03,T00337,P006,Bread,Bakery,10,55,40,0
2026-12-03,T00337,P007,Pepsi 500ml,Beverage,10,60,45,0
2026-12-04,T00338,P001,Coca Cola 500ml,Beverage,14,60,45,0
2026-12-04,T00338,P002,Wai Wai Noodles,Grocery,17,35,25,3
2026-12-04,T00338,P003,Milk 1L,Dairy,9,85,70,0
2026-12-04,T00312,P004,Basmati Rice 5kg,Grocery,3,420,360,30
2026-12-04,T00324,P005,Potato Chips 100g,Snacks,8,50,35,0
2026-12-04,T00338,P006,Bread,Bakery,15,55,40,0
2026-12-04,T00338,P007,Pepsi 500ml,Beverage,18,60,45,0
2026-12-05,T00339,P001,Coca Cola 500ml,Beverage,10,60,45,0
2026-12-05,T00339,P002,Wai Wai Noodles,Grocery,17,35,25,1
2026-12-05,T00339,P003,Milk 1L,Dairy,14,85,70,0
2026-12-05,T00325,P005,Potato Chips 100g,Snacks,5,50,35,0
2026-12-05,T00339,P006,Bread,Bakery,11,55,40,0
2026-12-05,T00339,P007,Pepsi 500ml,Beverage,14,60,45,0
2026-12-06,T00340,P001,Coca Cola 500ml,Beverage,19,60,45,0
2026-12-06,T00340,P002,Wai Wai Noodles,Grocery,11,35,25,0
2026-12-06,T00340,P003,Milk 1L,Dairy,3,85,70,0
2026-12-06,T00313,P004,Basmati Rice 5kg,Grocery,5,420,360,37
2026-12-06,T00326,P005,Potato Chips 100g,Snacks,10,50,35,0
2026-12-06,T00340,P006,Bread,Bakery,18,55,40,0
2026-12-06,T00340,P007,Pepsi 500ml,Beverage,15,60,45,0
2026-12-07,T00341,P001,Coca Cola 500ml,Beverage,11,60,45,0
2026-12-07,T00341,P002,Wai Wai Noodles,Grocery,27,35,25,0
2026-12-07,T00341,P003,Milk 1L,Dairy,8,85,70,0
2026-12-07,T00314,P004,Basmati Rice 5kg,Grocery,4,420,360,0
2026-12-07,T00327,P005,Potato Chips 100g,Snacks,3,50,35,0
2026-12-07,T00341,P006,Bread,Bakery,14,55,40,0
2026-12-07,T00341,P007,Pepsi 500ml,Beverage,5,60,45,0
2026-12-08,T00342,P001,Coca Cola 500ml,Beverage,9,60,45,0
2026-12-08,T00342,P002,Wai Wai Noodles,Grocery,20,35,25,0
2026-12-08,T00342,P003,Milk 1L,Dairy,8,85,70,0
2026-12-08,T00315,P004,Basmati Rice 5kg,Grocery,6,420,360,0
2026-12-08,T00328,P005,Potato Chips 100g,Snacks,9,50,35,0
2026-12-08,T00342,P006,Bread,Bakery,12,55,40,0
2026-12-08,T00342,P007,Pepsi 500ml,Beverage,11,60,45,0
2026-12-09,T00343,P001,Coca Cola 500ml,Beverage,9,60,45,0
2026-12-09,T00343,P002,Wai Wai Noodles,Grocery,18,35,25,0
2026-12-09,T00343,P003,Milk 1L,Dairy,8,85,70,0
2026-12-09,T00316,P004,Basmati Rice 5kg,Grocery,8,420,360,0
2026-12-09,T00329,P005,Potato Chips 100g,Snacks,10,50,35,0
2026-12-09,T00343,P006,Bread,Bakery,11,55,40,0
2026-12-09,T00343,P007,Pepsi 500ml,Beverage,5,60,45,0
2026-12-10,T00344,P001,Coca Cola 500ml,Beverage,18,60,45,0
2026-12-10,T00344,P002,Wai Wai Noodles,Grocery,20,35,25,0
2026-12-10,T00344,P003,Milk 1L,Dairy,12,85,70,0
2026-12-10,T00317,P004,Basmati Rice 5kg,Grocery,3,420,360,0
2026-12-10,T00330,P005,Potato Chips 100g,Snacks,3,50,35,0
2026-12-10,T00344,P006,Bread,Bakery,6,55,40,0
2026-12-10,T00344,P007,Pepsi 500ml,Beverage,12,60,45,0
2026-12-11,T00345,P001,Coca Cola 500ml,Beverage,12,60,45,0
2026-12-11,T00345,P002,Wai Wai Noodles,Grocery,16,35,25,0
2026-12-11,T00345,P003,Milk 1L,Dairy,12,85,70,0
2026-12-11,T00318,P004,Basmati Rice 5kg,Grocery,7,420,360,0
2026-12-11,T00331,P005,Potato Chips 100g,Snacks,6,50,35,0
2026-12-11,T00345,P006,Bread,Bakery,12,55,40,0
2026-12-11,T00345,P007,Pepsi 500ml,Beverage,18,60,45,0
2026-12-12,T00346,P001,Coca Cola 500ml,Beverage,15,60,45,0
2026-12-12,T00346,P002,Wai Wai Noodles,Grocery,13,35,25,0
2026-12-12,T00346,P003,Milk 1L,Dairy,11,85,70,0
2026-12-12,T00319,P004,Basmati Rice 5kg,Grocery,8,420,360,0
2026-12-12,T00332,P005,Potato Chips 100g,Snacks,10,50,35,0
2026-12-12,T00346,P006,Bread,Bakery,11,55,40,0
2026-12-12,T00346,P007,Pepsi 500ml,Beverage,14,60,45,0
2026-12-13,T00347,P001,Coca Cola 500ml,Beverage,17,60,45,0
2026-12-13,T00347,P002,Wai Wai Noodles,Grocery,20,35,25,0
2026-12-13,T00347,P003,Milk 1L,Dairy,13,85,70,0
2026-12-13,T00320,P004,Basmati Rice 5kg,Grocery,5,420,360,0
2026-12-13,T00333,P005,Potato Chips 100g,Snacks,13,50,35,0
2026-12-13,T00347,P006,Bread,Bakery,15,55,40,0
2026-12-13,T00347,P007,Pepsi 500ml,Beverage,7,60,45,0
2026-12-14,T00348,P001,Coca Cola 500ml,Beverage,9,60,45,0
2026-12-14,T00348,P002,Wai Wai Noodles,Grocery,22,35,25,0
2026-12-14,T00348,P003,Milk 1L,Dairy,10,85,70,0
2026-12-14,T00321,P004,Basmati Rice 5kg,Grocery,6,420,360,29
2026-12-14,T00334,P005,Potato Chips 100g,Snacks,4,50,35,0
2026-12-14,T00348,P006,Bread,Bakery,5,55,40,0
2026-12-14,T00348,P007,Pepsi 500ml,Beverage,7,60,45,0
2026-12-15,T00349,P001,Coca Cola 500ml,Beverage,11,60,45,0
2026-12-15,T00349,P002,Wai Wai Noodles,Grocery,27,35,25,0
2026-12-15,T00349,P003,Milk 1L,Dairy,7,85,70,0
2026-12-15,T00322,P004,Basmati Rice 5kg,Grocery,5,420,360,0
2026-12-15,T00335,P005,Potato Chips 100g,Snacks,4,50,35,0
2026-12-15,T00349,P006,Bread,Bakery,13,55,40,0
2026-12-15,T00349,P007,Pepsi 500ml,Beverage,13,60,45,0
2026-12-16,T00350,P001,Coca Cola 500ml,Beverage,9,60,45,0
2026-12-16,T00350,P002,Wai Wai Noodles,Grocery,21,35,25,1
2026-12-16,T00350,P003,Milk 1L,Dairy,8,85,70,0
2026-12-16,T00323,P004,Basmati Rice 5kg,Grocery,5,420,360,0
2026-12-16,T00336,P005,Potato Chips 100g,Snacks,7,50,35,0
2026-12-16,T00350,P006,Bread,Bakery,11,55,40,5
2026-12-16,T00350,P007,Pepsi 500ml,Beverage,12,60,45,0
2026-12-17,T00351,P001,Coca Cola 500ml,Beverage,14,60,45,0
2026-12-17,T00351,P002,Wai Wai Noodles,Grocery,27,35,25,0
2026-12-17,T00351,P003,Milk 1L,Dairy,9,85,70,3
2026-12-17,T00324,P004,Basmati Rice 5kg,Grocery,4,420,360,0
2026-12-17,T00337,P005,Potato Chips 100g,Snacks,9,50,35,0
2026-12-17,T00351,P006,Bread,Bakery,11,55,40,0
2026-12-17,T00351,P007,Pepsi 500ml,Beverage,9,60,45,0
2026-12-18,T00352,P001,Coca Cola 500ml,Beverage,15,60,45,0
2026-12-18,T00352,P002,Wai Wai Noodles,Grocery,12,35,25,0
2026-12-18,T00352,P003,Milk 1L,Dairy,5,85,70,0
2026-12-18,T00325,P004,Basmati Rice 5kg,Grocery,4,420,360,0
2026-12-18,T00338,P005,Potato Chips 100g,Snacks,8,50,35,0
2026-12-18,T00352,P006,Bread,Bakery,15,55,40,0
2026-12-18,T00352,P007,Pepsi 500ml,Beverage,14,60,45,0
2026-12-19,T00353,P001,Coca Cola 500ml,Beverage,19,60,45,0
2026-12-19,T00353,P002,Wai Wai Noodles,Grocery,18,35,25,0
2026-12-19,T00353,P003,Milk 1L,Dairy,4,85,70,0
2026-12-19,T00326,P004,Basmati Rice 5kg,Grocery,3,420,360,0
2026-12-19,T00339,P005,Potato Chips 100g,Snacks,12,50,35,0
2026-12-19,T00353,P006,Bread,Bakery,10,55,40,0
2026-12-19,T00353,P007,Pepsi 500ml,Beverage,21,60,45,0
2026-12-20,T00354,P001,Coca Cola 500ml,Beverage,10,60,45,0
2026-12-20,T00354,P002,Wai Wai Noodles,Grocery,24,35,25,0
2026-12-20,T00354,P003,Milk 1L,Dairy,12,85,70,0
2026-12-20,T00327,P004,Basmati Rice 5kg,Grocery,4,420,360,0
2026-12-20,T00340,P005,Potato Chips 100g,Snacks,11,50,35,0
2026-12-20,T00354,P006,Bread,Bakery,15,55,40,0
2026-12-20,T00354,P007,Pepsi 500ml,Beverage,6,60,45,0
2026-12-21,T00355,P001,Coca Cola 500ml,Beverage,10,60,45,0
2026-12-21,T00355,P002,Wai Wai Noodles,Grocery,24,35,25,0
2026-12-21,T00355,P003,Milk 1L,Dairy,7,85,70,0
2026-12-21,T00328,P004,Basmati Rice 5kg,Grocery,12,420,360,0
2026-12-21,T00341,P005,Potato Chips 100g,Snacks,7,50,35,0
2026-12-21,T00355,P006,Bread,Bakery,7,55,40,0
2026-12-21,T00355,P007,Pepsi 500ml,Beverage,5,60,45,0
2026-12-22,T00356,P001,Coca Cola 500ml,Beverage,20,60,45,0
2026-12-22,T00356,P002,Wai Wai Noodles,Grocery,15,35,25,0
2026-12-22,T00356,P003,Milk 1L,Dairy,14,85,70,0
2026-12-22,T00329,P004,Basmati Rice 5kg,Grocery,4,420,360,15
2026-12-22,T00342,P005,Potato Chips 100g,Snacks,6,50,35,0
2026-12-22,T00356,P006,Bread,Bakery,12,55,40,0
2026-12-22,T00356,P007,Pepsi 500ml,Beverage,10,60,45,0
2026-12-23,T00357,P001,Coca Cola 500ml,Beverage,12,60,45,0
2026-12-23,T00357,P002,Wai Wai Noodles,Grocery,17,35,25,0
2026-12-23,T00357,P003,Milk 1L,Dairy,7,85,70,0
2026-12-23,T00330,P004,Basmati Rice 5kg,Grocery,6,420,360,0
2026-12-23,T00343,P005,Potato Chips 100g,Snacks,5,50,35,0
2026-12-23,T00357,P006,Bread,Bakery,11,55,40,0
2026-12-23,T00357,P007,Pepsi 500ml,Beverage,12,60,45,0
2026-12-24,T00358,P001,Coca Cola 500ml,Beverage,16,60,45,0
2026-12-24,T00358,P002,Wai Wai Noodles,Grocery,19,35,25,0
2026-12-24,T00358,P003,Milk 1L,Dairy,9,85,70,0
2026-12-24,T00344,P005,Potato Chips 100g,Snacks,8,50,35,0
2026-12-24,T00358,P006,Bread,Bakery,13,55,40,0
2026-12-24,T00358,P007,Pepsi 500ml,Beverage,6,60,45,0
2026-12-25,T00359,P001,Coca Cola 500ml,Beverage,21,60,45,5
2026-12-25,T00359,P002,Wai Wai Noodles,Grocery,14,35,25,0
2026-12-25,T00359,P003,Milk 1L,Dairy,15,85,70,0
2026-12-25,T00331,P004,Basmati Rice 5kg,Grocery,6,420,360,0
2026-12-25,T00345,P005,Potato Chips 100g,Snacks,12,50,35,0
2026-12-25,T00359,P006,Bread,Bakery,15,55,40,0
2026-12-25,T00359,P007,Pepsi 500ml,Beverage,15,60,45,0
2026-12-26,T00360,P001,Coca Cola 500ml,Beverage,18,60,45,0
2026-12-26,T00360,P002,Wai Wai Noodles,Grocery,22,35,25,0
2026-12-26,T00360,P003,Milk 1L,Dairy,15,85,70,0
2026-12-26,T00346,P005,Potato Chips 100g,Snacks,9,50,35,0
2026-12-26,T00360,P006,Bread,Bakery,13,55,40,0
2026-12-26,T00360,P007,Pepsi 500ml,Beverage,19,60,45,0
2026-12-27,T00361,P001,Coca Cola 500ml,Beverage,22,60,45,0
2026-12-27,T00361,P002,Wai Wai Noodles,Grocery,13,35,25,0
2026-12-27,T00361,P003,Milk 1L,Dairy,21,85,70,0
2026-12-27,T00332,P004,Basmati Rice 5kg,Grocery,3,420,360,0
2026-12-27,T00347,P005,Potato Chips 100g,Snacks,9,50,35,0
2026-12-27,T00361,P006,Bread,Bakery,17,55,40,0
2026-12-27,T00361,P007,Pepsi 500ml,Beverage,8,60,45,0
2026-12-28,T00362,P001,Coca Cola 500ml,Beverage,13,60,45,0
2026-12-28,T00362,P002,Wai Wai Noodles,Grocery,17,35,25,0
2026-12-28,T00362,P003,Milk 1L,Dairy,7,85,70,0
2026-12-28,T00333,P004,Basmati Rice 5kg,Grocery,6,420,360,0
2026-12-28,T00348,P005,Potato Chips 100g,Snacks,5,50,35,0
2026-12-28,T00362,P006,Bread,Bakery,7,55,40,0
2026-12-28,T00362,P007,Pepsi 500ml,Beverage,13,60,45,0
2026-12-29,T00363,P001,Coca Cola 500ml,Beverage,11,60,45,0
2026-12-29,T00363,P002,Wai Wai Noodles,Grocery,21,35,25,0
2026-12-29,T00363,P003,Milk 1L,Dairy,27,85,70,0
2026-12-29,T00334,P004,Basmati Rice 5kg,Grocery,6,420,360,0
2026-12-29,T00349,P005,Potato Chips 100g,Snacks,8,50,35,0
2026-12-29,T00363,P006,Bread,Bakery,11,55,40,0
2026-12-29,T00363,P007,Pepsi 500ml,Beverage,12,60,45,4
2026-12-30,T00364,P001,Coca Cola 500ml,Beverage,13,60,45,0
2026-12-30,T00364,P002,Wai Wai Noodles,Grocery,20,35,25,0
2026-12-30,T00364,P003,Milk 1L,Dairy,10,85,70,0
2026-12-30,T00335,P004,Basmati Rice 5kg,Grocery,1,420,360,23
2026-12-30,T00350,P005,Potato Chips 100g,Snacks,7,50,35,0
2026-12-30,T00364,P006,Bread,Bakery,19,55,40,0
2026-12-30,T00364,P007,Pepsi 500ml,Beverage,10,60,45,0
2026-12-31,T00365,P001,Coca Cola 500ml,Beverage,19,60,45,0
2026-12-31,T00365,P002,Wai Wai Noodles,Grocery,21,35,25,0
2026-12-31,T00365,P003,Milk 1L,Dairy,4,85,70,0
2026-12-31,T00336,P004,Basmati Rice 5kg,Grocery,3,420,360,0
2026-12-31,T00351,P005,Potato Chips 100g,Snacks,4,50,35,0
2026-12-31,T00365,P006,Bread,Bakery,9,55,40,0
2026-12-31,T00365,P007,Pepsi 500ml,Beverage,8,60,45,1
